-- phpMyAdmin SQL Dump
-- version 4.6.6
-- https://www.phpmyadmin.net/
--
-- Host: localhost:3306
-- Generation Time: Jul 05, 2017 at 07:48 AM
-- Server version: 5.6.35
-- PHP Version: 5.6.30

SET SQL_MODE = "NO_AUTO_VALUE_ON_ZERO";
SET time_zone = "+00:00";


/*!40101 SET @OLD_CHARACTER_SET_CLIENT=@@CHARACTER_SET_CLIENT */;
/*!40101 SET @OLD_CHARACTER_SET_RESULTS=@@CHARACTER_SET_RESULTS */;
/*!40101 SET @OLD_COLLATION_CONNECTION=@@COLLATION_CONNECTION */;
/*!40101 SET NAMES utf8mb4 */;

--
-- Database: `tuic8ada_tantien`
--

-- --------------------------------------------------------

--
-- Table structure for table `drugs`
--

CREATE TABLE `drugs` (
  `id` int(10) UNSIGNED NOT NULL,
  `name` varchar(500) COLLATE utf8mb4_unicode_ci DEFAULT NULL,
  `original_price` int(11) DEFAULT '0',
  `price` int(11) NOT NULL,
  `deleted_at` timestamp NULL DEFAULT NULL,
  `created_at` timestamp NULL DEFAULT NULL,
  `updated_at` timestamp NULL DEFAULT NULL
) ENGINE=InnoDB DEFAULT CHARSET=utf8mb4 COLLATE=utf8mb4_unicode_ci;

--
-- Dumping data for table `drugs`
--

INSERT INTO `drugs` (`id`, `name`, `original_price`, `price`, `deleted_at`, `created_at`, `updated_at`) VALUES
(39, 'catakid', NULL, 42000, NULL, '2017-06-08 03:29:13', '2017-06-08 03:29:13'),
(40, 'oralpost', NULL, 90000, NULL, '2017-06-08 09:49:27', '2017-06-08 09:49:27'),
(41, 'duphalac', NULL, 96000, NULL, '2017-06-08 09:53:37', '2017-06-08 09:53:37'),
(42, 'immubron', NULL, 420000, NULL, '2017-06-08 09:55:27', '2017-06-08 09:55:27'),
(43, 'fonkan', NULL, 78000, NULL, '2017-06-08 09:57:04', '2017-06-08 09:57:04'),
(44, 'albendazol 400mg', NULL, 3000, NULL, '2017-06-08 09:59:32', '2017-06-08 09:59:32'),
(45, 'dr.sutsit', NULL, 60000, NULL, '2017-06-08 10:01:00', '2017-06-08 10:01:00'),
(46, 'cimetidine', NULL, 30000, NULL, '2017-06-08 10:01:46', '2017-06-08 10:01:46'),
(47, 'thyromex', NULL, 120000, NULL, '2017-06-08 10:02:39', '2017-06-08 10:02:39'),
(48, 'motilum-m', NULL, 200000, NULL, '2017-06-08 10:05:41', '2017-06-08 10:05:41'),
(49, 'octozymes', NULL, 120000, NULL, '2017-06-08 10:06:53', '2017-06-08 10:10:54'),
(50, 'tanagel', NULL, 100000, NULL, '2017-06-08 10:06:55', '2017-06-08 10:06:55'),
(51, 'air-x', NULL, 100000, NULL, '2017-06-08 10:11:05', '2017-06-08 10:11:05'),
(52, 'atizal', NULL, 90000, NULL, '2017-06-08 10:12:46', '2017-06-08 10:12:46'),
(53, 'mabifib', NULL, 75000, NULL, '2017-06-08 10:15:16', '2017-06-08 10:15:16'),
(54, 'akimilk', NULL, 255000, NULL, '2017-06-08 10:19:19', '2017-06-08 10:19:19'),
(55, 'motiridon 60ml', NULL, 30000, NULL, '2017-06-08 10:19:55', '2017-06-08 10:19:55'),
(56, 'motiridon 30ml', NULL, 18000, NULL, '2017-06-08 10:20:57', '2017-06-08 10:20:57'),
(57, 'zilcazine', NULL, 150000, NULL, '2017-06-08 10:28:25', '2017-06-08 10:28:25'),
(58, 'lacdokid', NULL, 130000, NULL, '2017-06-08 10:32:46', '2017-06-08 10:32:46'),
(59, 't-pepsin', NULL, 30000, NULL, '2017-06-08 10:43:43', '2017-06-08 10:43:43'),
(60, 'hinewmin', NULL, 150000, NULL, '2017-06-08 10:47:16', '2017-06-08 10:47:16'),
(61, 'babefuny', NULL, 145000, NULL, '2017-06-08 10:50:29', '2017-06-08 10:50:29'),
(62, 'Ăn ngon fukid', NULL, 85000, NULL, '2017-06-08 11:00:55', '2017-06-08 11:00:55'),
(63, 'debby', NULL, 18000, NULL, '2017-06-08 11:01:32', '2017-06-08 11:01:32'),
(64, 'motilum', NULL, 25000, NULL, '2017-06-08 11:02:04', '2017-06-08 11:02:04'),
(65, 'canxi fukid gold', NULL, 85000, NULL, '2017-06-08 11:02:05', '2017-06-08 11:02:05'),
(66, 'colicare', NULL, 45000, NULL, '2017-06-08 11:02:40', '2017-06-08 11:02:40'),
(67, 'neweascof', NULL, 58000, NULL, '2017-06-08 11:03:50', '2017-06-08 11:03:50'),
(68, 'zinciator', NULL, 113000, NULL, '2017-06-08 11:14:14', '2017-06-08 11:14:14'),
(69, 'astmodil 4mg', NULL, 322000, NULL, '2017-06-08 11:33:50', '2017-06-08 11:33:50'),
(70, 'astmodil 5mg', NULL, 322000, NULL, '2017-06-08 11:34:55', '2017-06-08 11:34:55'),
(71, 'acemuc 100mg', NULL, 47000, NULL, '2017-06-08 11:35:54', '2017-06-08 11:35:54'),
(72, 'theralene', NULL, 10000, NULL, '2017-06-08 11:37:10', '2017-06-08 11:37:10'),
(73, 'innolac', NULL, 155000, NULL, '2017-06-08 11:37:17', '2017-06-08 11:37:17'),
(74, 'antimuc', NULL, 105000, NULL, '2017-06-08 11:38:30', '2017-06-08 11:38:30'),
(75, 'cốm iq', NULL, 170000, NULL, '2017-06-08 11:38:56', '2017-06-08 11:38:56'),
(76, 'phutinol', NULL, 78000, NULL, '2017-06-08 11:39:33', '2017-06-08 11:39:33'),
(77, 'a.t ambroxol', NULL, 105000, NULL, '2017-06-08 11:40:49', '2017-06-08 11:40:49'),
(78, 'vitsball c', NULL, 75000, NULL, '2017-06-08 11:42:18', '2017-06-08 11:42:18'),
(79, 'dosulvon', NULL, 60000, NULL, '2017-06-08 11:42:56', '2017-06-08 11:42:56'),
(80, 'a.t desloratadin', NULL, 135000, NULL, '2017-06-08 11:44:42', '2017-06-08 11:44:42'),
(81, 'pepsin b1', NULL, 60000, NULL, '2017-06-08 11:45:10', '2017-06-08 11:45:10'),
(82, 'grokid plus', NULL, 230000, NULL, '2017-06-08 11:46:32', '2017-06-08 11:46:32'),
(83, 'ciclevir 800', NULL, 240000, NULL, '2017-06-08 11:46:57', '2017-06-08 11:46:57'),
(84, 'anaferon', NULL, 140000, NULL, '2017-06-08 11:48:04', '2017-06-08 11:48:04'),
(85, 'ciclevir 200', NULL, 75000, NULL, '2017-06-08 11:49:05', '2017-06-08 11:49:05'),
(86, 'ciclevir 400', NULL, 150000, NULL, '2017-06-08 11:50:06', '2017-06-08 11:50:06'),
(87, 'bactamox 500mg', NULL, 77000, NULL, '2017-06-08 11:52:58', '2017-06-08 11:52:58'),
(88, 'vitamin pp 500mg', NULL, 100000, NULL, '2017-06-08 11:53:09', '2017-06-08 14:08:33'),
(89, 'claminat 625mg', NULL, 84000, NULL, '2017-06-08 11:53:58', '2017-06-08 11:53:58'),
(90, 'zasinat 500', NULL, 70000, NULL, '2017-06-08 11:54:56', '2017-06-08 11:54:56'),
(91, 'magne-b6 glomed', NULL, 100000, NULL, '2017-06-08 11:55:08', '2017-06-09 00:24:01'),
(92, 'rovamycine 1.5', NULL, 80000, NULL, '2017-06-08 11:56:00', '2017-06-08 11:56:00'),
(93, 'sara 500mg', NULL, 100000, NULL, '2017-06-08 11:58:38', '2017-06-08 11:58:38'),
(94, 'rovamycine 3 m.i.u', NULL, 92000, NULL, '2017-06-08 11:59:15', '2017-06-08 11:59:15'),
(95, 'euvixim 200', NULL, 120000, NULL, '2017-06-08 12:02:09', '2017-06-08 12:02:09'),
(96, 'cefantif 100', NULL, 210000, NULL, '2017-06-08 12:03:07', '2017-06-08 12:03:07'),
(97, 'stugeron', NULL, 250000, NULL, '2017-06-08 12:03:56', '2017-06-08 14:09:34'),
(98, 'doxferxime 100', NULL, 160000, NULL, '2017-06-08 12:04:52', '2017-06-08 12:04:52'),
(99, 'soruxim 125', NULL, 70000, NULL, '2017-06-08 12:05:54', '2017-06-08 12:05:54'),
(100, 'euvixim 50', NULL, 42000, NULL, '2017-06-08 12:09:09', '2017-06-08 12:09:09'),
(101, 'calcitron', NULL, 300000, NULL, '2017-06-08 12:09:20', '2017-06-08 12:09:20'),
(102, 'antirova', NULL, 90000, NULL, '2017-06-08 12:15:23', '2017-06-08 12:15:23'),
(103, 'cefdina 250', NULL, 255000, NULL, '2017-06-08 12:16:48', '2017-06-08 12:16:48'),
(104, 'cadiperedson 16', NULL, 90000, NULL, '2017-06-08 12:17:48', '2017-06-08 12:17:48'),
(105, 'datisoc', NULL, 90000, NULL, '2017-06-08 12:18:41', '2017-06-08 12:18:41'),
(106, 'franthymod', NULL, 70000, NULL, '2017-06-08 14:10:53', '2017-06-08 14:10:53'),
(107, 'trifene', NULL, 140000, NULL, '2017-06-08 23:25:43', '2017-06-08 23:25:43'),
(108, 'cetasone', NULL, 50000, NULL, '2017-06-08 23:41:25', '2017-06-08 23:41:25'),
(109, 'euruka', NULL, 30000, NULL, '2017-06-09 03:35:15', '2017-06-09 03:35:15'),
(110, 'emekid', NULL, 90000, NULL, '2017-06-09 03:35:50', '2017-06-09 03:35:50'),
(111, 'ivy', NULL, 50000, NULL, '2017-06-09 03:36:14', '2017-06-09 03:36:14'),
(112, 'zinc-iap', NULL, 45000, NULL, '2017-06-09 03:37:13', '2017-06-09 03:37:13'),
(113, 'biohikip', NULL, 66000, NULL, '2017-06-09 03:40:11', '2017-06-09 03:40:11'),
(114, 'canxi b', NULL, 100000, NULL, '2017-06-09 03:40:51', '2017-06-09 03:40:51'),
(115, 'nutri vitamin', NULL, 50000, NULL, '2017-06-09 03:41:27', '2017-06-09 03:41:27'),
(116, 'olympus d3', NULL, 51000, NULL, '2017-06-09 03:42:10', '2017-06-09 03:42:10'),
(117, 'r.b.tone', NULL, 70000, NULL, '2017-06-09 03:42:49', '2017-06-09 03:42:49'),
(118, 'bactmox 375', NULL, 78000, NULL, '2017-06-09 03:43:39', '2017-06-09 03:43:39'),
(119, 'ferlin 30ml', NULL, 21000, NULL, '2017-06-09 03:43:50', '2017-06-09 03:43:50'),
(120, 'ferlin 60ml', NULL, 35000, NULL, '2017-06-09 03:45:03', '2017-06-09 03:45:03'),
(121, 'azikid 200', NULL, 42000, NULL, '2017-06-09 03:45:57', '2017-06-09 03:45:57'),
(122, 'salmodil', NULL, 58000, NULL, '2017-06-09 03:46:26', '2017-06-09 03:46:26'),
(123, 'imeclor 125mg', NULL, 36000, NULL, '2017-06-09 03:47:01', '2017-06-09 03:47:01'),
(124, 'brufen', NULL, 56000, NULL, '2017-06-09 03:47:32', '2017-06-09 03:47:32'),
(125, 'euvixim 100', NULL, 60000, NULL, '2017-06-09 03:47:50', '2017-06-09 03:47:50'),
(126, 'zinnat 125', NULL, 160000, NULL, '2017-06-09 03:48:26', '2017-06-09 03:48:26'),
(127, 'ery 250', NULL, 132000, NULL, '2017-06-09 03:50:20', '2017-06-09 03:50:20'),
(128, 'enervon', NULL, 250000, NULL, '2017-06-09 03:50:23', '2017-06-09 03:50:23'),
(129, 'azismile', NULL, 88000, NULL, '2017-06-09 03:50:52', '2017-06-09 03:50:52'),
(130, 'fiximstad', NULL, 75000, NULL, '2017-06-09 03:54:06', '2017-06-09 03:54:06'),
(131, 'rezoclav 500', NULL, 112000, NULL, '2017-06-09 03:55:34', '2017-06-09 03:55:34'),
(132, 'glanax 250', NULL, 100000, NULL, '2017-06-09 03:58:44', '2017-06-09 03:58:44'),
(133, 'tatanol 150mg', NULL, 38000, NULL, '2017-06-09 04:00:18', '2017-06-09 04:00:18'),
(134, 'negradixid', NULL, 75000, NULL, '2017-06-09 04:01:18', '2017-06-09 04:01:18'),
(135, 'zanimex 250', NULL, 70000, NULL, '2017-06-09 04:02:11', '2017-06-09 04:02:11'),
(136, 'mexcold 150mg', NULL, 12000, NULL, '2017-06-09 04:02:41', '2017-06-09 04:02:41'),
(137, 'bactamox 750', NULL, 119000, NULL, '2017-06-09 04:08:16', '2017-06-09 04:08:16'),
(138, 'cefdinir 300', NULL, 20000, NULL, '2017-06-09 04:09:09', '2017-06-09 04:09:09'),
(139, 'efferalgan 80mg', NULL, 15000, NULL, '2017-06-09 04:09:43', '2017-06-09 04:12:31'),
(140, 'fugacar', NULL, 17000, NULL, '2017-06-09 04:09:47', '2017-06-09 04:09:47'),
(141, 'fexofenadin', NULL, 20000, NULL, '2017-06-09 04:10:30', '2017-06-09 04:10:30'),
(142, 'efferalgan 150mg', NULL, 30000, NULL, '2017-06-09 04:10:53', '2017-06-09 04:10:53'),
(143, 'efferalgan 300mg', NULL, 30000, NULL, '2017-06-09 04:14:13', '2017-06-09 04:14:13'),
(144, 'sara 120mg/30ml', NULL, 13000, NULL, '2017-06-09 04:17:12', '2017-06-09 04:22:31'),
(145, 'sara 250mg/30ml', NULL, 16000, NULL, '2017-06-09 04:17:59', '2017-06-09 04:21:55'),
(146, 'sara 250mg/60ml', NULL, 25000, NULL, '2017-06-09 04:19:04', '2017-06-09 04:19:04'),
(147, 'hapacol 150mg', NULL, 38000, NULL, '2017-06-09 04:25:20', '2017-06-09 04:25:20'),
(148, 'hapacol 250mg', NULL, 48000, NULL, '2017-06-09 04:26:55', '2017-06-09 04:26:55'),
(149, 'tatanol forte', NULL, 75000, NULL, '2017-06-09 04:32:32', '2017-06-09 04:32:32'),
(150, 'oracortia', NULL, 28000, NULL, '2017-06-09 04:36:58', '2017-06-09 04:36:58'),
(151, 'dexavel', NULL, 27000, NULL, '2017-06-09 04:39:01', '2017-06-09 04:39:01'),
(152, 'natri clorid', NULL, 3000, NULL, '2017-06-09 04:39:41', '2017-06-09 04:39:41'),
(153, 'otilin', NULL, 4000, NULL, '2017-06-09 04:40:02', '2017-06-09 04:40:02'),
(154, 'xisat', NULL, 23000, NULL, '2017-06-09 04:40:56', '2017-06-09 04:40:56'),
(155, 'sterimar mn', NULL, 85000, NULL, '2017-06-09 06:11:42', '2017-06-09 06:11:42'),
(156, 'sterimar cu', NULL, 85000, NULL, '2017-06-09 06:12:26', '2017-06-09 06:12:26'),
(157, 'phenergan', NULL, 9000, NULL, '2017-06-09 06:15:23', '2017-06-09 06:15:23'),
(158, 'furomi', NULL, 80000, NULL, '2017-06-09 06:15:52', '2017-06-09 06:15:52'),
(159, 'daktarin', NULL, 43000, NULL, '2017-06-09 06:16:24', '2017-06-09 06:16:24'),
(160, 'lactacyd bb', NULL, 20000, NULL, '2017-06-09 06:17:01', '2017-06-09 06:17:01'),
(161, 'acnequit', NULL, 37000, NULL, '2017-06-09 06:17:38', '2017-06-09 06:31:37'),
(162, 'tarocol', NULL, 12000, NULL, '2017-06-09 06:21:14', '2017-06-09 06:21:14'),
(163, 'efticol', NULL, 3000, NULL, '2017-06-09 06:21:46', '2017-06-09 06:21:46'),
(164, 'baby cream', NULL, 24000, NULL, '2017-06-09 06:22:31', '2017-06-09 06:22:31'),
(165, 'otrivin', NULL, 31000, NULL, '2017-06-09 06:23:04', '2017-06-09 06:23:04'),
(166, 'nyst', NULL, 15000, NULL, '2017-06-09 06:23:46', '2017-06-09 06:23:46'),
(167, 'racasone cream', NULL, 35000, NULL, '2017-06-09 06:26:19', '2017-06-09 06:26:19'),
(168, 'stadgentri', NULL, 8000, NULL, '2017-06-09 06:27:46', '2017-06-09 06:29:52'),
(169, 'acyclovir stada', NULL, 16000, NULL, '2017-06-09 06:28:17', '2017-06-09 06:28:17'),
(170, 'sterimar nasal hygiene', NULL, 80000, NULL, '2017-06-09 09:42:08', '2017-06-09 09:42:08'),
(171, 'sterimar nez bouche', NULL, 85000, NULL, '2017-06-09 09:43:03', '2017-06-09 09:43:03'),
(172, 'ano sure gold', NULL, 187000, NULL, '2017-06-09 09:46:51', '2017-06-09 09:46:51'),
(173, 'ano sure', NULL, 177000, NULL, '2017-06-09 09:47:26', '2017-06-09 09:47:26'),
(174, 'mexcold 325mg', NULL, 30000, NULL, '2017-06-10 02:43:52', '2017-06-10 02:43:52'),
(175, 'flu-cold', NULL, 45000, NULL, '2017-06-13 03:34:08', '2017-06-13 03:34:08'),
(176, 'orthocattin', NULL, 20000, NULL, '2017-06-13 03:35:09', '2017-06-13 03:35:09'),
(177, 'bee juvit subtilis', NULL, 45000, NULL, '2017-06-13 03:37:03', '2017-06-13 03:37:03'),
(178, 'enterogermina', NULL, 124000, NULL, '2017-06-13 09:40:23', '2017-06-13 09:40:23'),
(179, 'ebekid', NULL, 90000, NULL, '2017-06-13 09:43:40', '2017-06-13 09:43:40'),
(180, 'neocin', NULL, 4000, NULL, '2017-06-13 09:44:26', '2017-06-13 09:44:26'),
(181, 'a.t calci', NULL, 90000, NULL, '2017-06-13 09:50:57', '2017-07-04 09:39:21'),
(182, 'prednisolon', NULL, 100000, NULL, '2017-06-13 10:15:51', '2017-06-13 10:15:51'),
(183, 'clorpheniramin', NULL, 200000, NULL, '2017-07-02 11:07:20', '2017-07-02 11:07:20'),
(184, 'vitamin c 250mg', NULL, 100000, NULL, '2017-07-02 11:23:58', '2017-07-02 11:23:58'),
(185, 'lacbido plus', NULL, 120000, NULL, '2017-07-04 10:07:16', '2017-07-04 10:07:16'),
(186, 'nospa 40mg', NULL, 50000, NULL, '2017-07-04 10:12:59', '2017-07-04 10:12:59'),
(187, 'azinecare', NULL, 70000, NULL, '2017-07-04 10:27:52', '2017-07-04 10:27:52'),
(188, 'salbutamol 2mg', NULL, 100000, NULL, '2017-07-04 10:28:14', '2017-07-04 10:28:14'),
(189, 'qanecare', NULL, 70000, NULL, '2017-07-04 10:33:10', '2017-07-04 10:33:10'),
(190, 'atizinc 100mg', NULL, 100000, NULL, '2017-07-04 10:33:54', '2017-07-04 10:33:54'),
(191, 'oresol', NULL, 20000, NULL, '2017-07-04 10:53:29', '2017-07-04 10:53:29'),
(192, 'sakura', NULL, 42000, NULL, '2017-07-04 11:22:16', '2017-07-04 11:22:16'),
(193, 'furourdex', NULL, 110000, NULL, '2017-07-04 11:27:26', '2017-07-04 11:27:26'),
(194, 'bio4stop', NULL, 480000, NULL, '2017-07-04 11:30:09', '2017-07-04 11:30:09'),
(196, 'enervon c', NULL, 250000, NULL, '2017-07-04 11:42:40', '2017-07-04 11:42:40');

-- --------------------------------------------------------

--
-- Table structure for table `drug_orders`
--

CREATE TABLE `drug_orders` (
  `id` int(10) UNSIGNED NOT NULL,
  `code` varchar(255) COLLATE utf8mb4_unicode_ci NOT NULL,
  `created_at` timestamp NULL DEFAULT NULL,
  `updated_at` timestamp NULL DEFAULT NULL,
  `deleted_at` timestamp NULL DEFAULT NULL
) ENGINE=InnoDB DEFAULT CHARSET=utf8mb4 COLLATE=utf8mb4_unicode_ci;

--
-- Dumping data for table `drug_orders`
--

INSERT INTO `drug_orders` (`id`, `code`, `created_at`, `updated_at`, `deleted_at`) VALUES
(75, '082017', '2017-06-08 17:01:00', '2017-06-08 17:01:00', NULL),
(76, '', '2017-06-27 03:27:31', '2017-06-27 03:27:51', '2017-06-27 03:27:51'),
(77, '', '2017-07-02 10:32:49', '2017-07-02 10:42:45', '2017-07-02 10:42:45'),
(78, '', '2017-07-02 11:34:48', '2017-07-02 11:34:48', NULL),
(79, '', '2017-07-02 23:42:53', '2017-07-02 23:42:53', NULL),
(80, '', '2017-07-03 04:29:02', '2017-07-03 04:29:02', NULL),
(81, '', '2017-07-03 04:33:30', '2017-07-03 04:33:30', NULL),
(82, '', '2017-07-03 04:39:03', '2017-07-03 04:39:03', NULL),
(83, '', '2017-07-03 23:17:39', '2017-07-03 23:17:39', NULL),
(84, '', '2017-07-03 23:21:21', '2017-07-03 23:21:21', NULL),
(85, '', '2017-07-03 23:29:26', '2017-07-03 23:29:26', NULL),
(86, '', '2017-07-04 09:37:38', '2017-07-04 09:37:38', NULL),
(87, '', '2017-07-04 09:42:38', '2017-07-04 09:42:38', NULL),
(88, '', '2017-07-04 09:48:52', '2017-07-04 09:48:52', NULL),
(89, '', '2017-07-04 09:56:26', '2017-07-04 09:56:26', NULL),
(90, '', '2017-07-04 09:58:19', '2017-07-04 09:58:19', NULL),
(91, '', '2017-07-04 10:00:48', '2017-07-04 10:00:48', NULL),
(92, '', '2017-07-04 10:12:09', '2017-07-04 10:21:16', '2017-07-04 10:21:16'),
(93, '', '2017-07-04 10:14:35', '2017-07-04 10:24:06', '2017-07-04 10:24:06'),
(94, '', '2017-07-04 10:17:40', '2017-07-04 10:17:40', NULL),
(95, '', '2017-07-04 10:21:03', '2017-07-04 10:21:09', '2017-07-04 10:21:09'),
(96, '', '2017-07-04 10:23:57', '2017-07-04 10:23:57', NULL),
(97, '', '2017-07-04 10:26:36', '2017-07-04 10:26:36', NULL),
(98, '', '2017-07-04 10:30:09', '2017-07-04 10:30:09', NULL),
(99, '', '2017-07-04 10:32:40', '2017-07-04 10:32:40', NULL),
(100, '', '2017-07-04 10:38:15', '2017-07-04 10:38:15', NULL),
(101, '', '2017-07-04 10:43:14', '2017-07-04 10:43:14', NULL),
(102, '', '2017-07-04 10:50:32', '2017-07-04 10:50:32', NULL),
(103, '', '2017-07-04 11:37:40', '2017-07-04 11:37:49', '2017-07-04 11:37:49');

-- --------------------------------------------------------

--
-- Table structure for table `migrations`
--

CREATE TABLE `migrations` (
  `id` int(10) UNSIGNED NOT NULL,
  `migration` varchar(255) COLLATE utf8mb4_unicode_ci NOT NULL,
  `batch` int(11) NOT NULL
) ENGINE=InnoDB DEFAULT CHARSET=utf8mb4 COLLATE=utf8mb4_unicode_ci;

--
-- Dumping data for table `migrations`
--

INSERT INTO `migrations` (`id`, `migration`, `batch`) VALUES
(1, '2014_10_12_000000_create_users_table', 1),
(2, '2014_10_12_100000_create_password_resets_table', 1),
(3, '2017_03_22_022611_create_table_drug_orders', 2),
(4, '2017_05_19_002202_create_units_table', 3),
(5, '2017_05_19_002220_create_drugs_table', 3),
(6, '2017_05_19_002238_create_special_prices_table', 3),
(7, '2017_05_20_015210_create_unit_prices_table', 4),
(8, '2017_05_20_015342_drop_column_unit_price_in_drugs_table', 4),
(10, '2017_05_21_094901_create_table_order_details', 5);

-- --------------------------------------------------------

--
-- Table structure for table `order_details`
--

CREATE TABLE `order_details` (
  `id` int(10) UNSIGNED NOT NULL,
  `drug_id` int(11) NOT NULL,
  `unit_id` int(11) NOT NULL,
  `quantity` int(11) NOT NULL,
  `sum` int(11) NOT NULL,
  `drug_order_id` int(11) NOT NULL,
  `deleted_at` timestamp NULL DEFAULT NULL,
  `created_at` timestamp NULL DEFAULT NULL,
  `updated_at` timestamp NULL DEFAULT NULL
) ENGINE=InnoDB DEFAULT CHARSET=utf8mb4 COLLATE=utf8mb4_unicode_ci;

--
-- Dumping data for table `order_details`
--

INSERT INTO `order_details` (`id`, `drug_id`, `unit_id`, `quantity`, `sum`, `drug_order_id`, `deleted_at`, `created_at`, `updated_at`) VALUES
(186, 155, 5, 22, 1870000, 76, NULL, '2017-06-27 03:27:43', '2017-06-27 03:27:43'),
(187, 42, 3, 1, 14000, 76, NULL, '2017-06-27 03:27:43', '2017-06-27 03:27:43'),
(188, 105, 3, 5, 15000, 75, NULL, '2017-07-02 10:19:40', '2017-07-02 10:19:40'),
(189, 39, 7, 3, 11000, 75, NULL, '2017-07-02 10:19:40', '2017-07-02 10:19:40'),
(190, 42, 3, 5, 70000, 75, NULL, '2017-07-02 10:19:40', '2017-07-02 10:19:40'),
(191, 96, 3, 6, 42000, 77, NULL, '2017-07-02 10:32:49', '2017-07-02 10:32:49'),
(192, 78, 9, 6, 21000, 77, NULL, '2017-07-02 10:32:49', '2017-07-02 10:32:49'),
(193, 101, 3, 3, 9000, 77, NULL, '2017-07-02 10:32:49', '2017-07-02 10:32:49'),
(194, 47, 7, 6, 36000, 77, NULL, '2017-07-02 10:32:49', '2017-07-02 10:32:49'),
(195, 150, 5, 1, 28000, 77, NULL, '2017-07-02 10:32:49', '2017-07-02 10:32:49'),
(214, 127, 7, 6, 33000, 78, NULL, '2017-07-02 11:35:33', '2017-07-02 11:35:33'),
(215, 108, 3, 6, 3000, 78, NULL, '2017-07-02 11:35:33', '2017-07-02 11:35:33'),
(216, 183, 3, 3, 1000, 78, NULL, '2017-07-02 11:35:33', '2017-07-02 11:35:33'),
(217, 47, 7, 3, 18000, 78, NULL, '2017-07-02 11:35:33', '2017-07-02 11:35:33'),
(218, 101, 3, 3, 9000, 78, NULL, '2017-07-02 11:35:33', '2017-07-02 11:35:33'),
(219, 161, 5, 1, 37000, 78, NULL, '2017-07-02 11:35:33', '2017-07-02 11:35:33'),
(220, 129, 5, 1, 88000, 79, NULL, '2017-07-02 23:42:53', '2017-07-02 23:42:53'),
(221, 108, 3, 6, 3000, 79, NULL, '2017-07-02 23:42:53', '2017-07-02 23:42:53'),
(222, 74, 9, 6, 21000, 79, NULL, '2017-07-02 23:42:53', '2017-07-02 23:42:53'),
(223, 101, 3, 3, 9000, 79, NULL, '2017-07-02 23:42:53', '2017-07-02 23:42:53'),
(224, 47, 7, 6, 36000, 79, NULL, '2017-07-02 23:42:53', '2017-07-02 23:42:53'),
(225, 175, 5, 1, 45000, 79, NULL, '2017-07-02 23:42:53', '2017-07-02 23:42:53'),
(226, 89, 3, 6, 36000, 80, NULL, '2017-07-03 04:29:02', '2017-07-03 04:29:02'),
(227, 104, 3, 3, 9000, 80, NULL, '2017-07-03 04:29:02', '2017-07-03 04:29:02'),
(228, 183, 3, 6, 2000, 80, NULL, '2017-07-03 04:29:02', '2017-07-03 04:29:02'),
(236, 89, 3, 6, 36000, 81, NULL, '2017-07-03 04:37:20', '2017-07-03 04:37:20'),
(237, 104, 3, 3, 9000, 81, NULL, '2017-07-03 04:37:20', '2017-07-03 04:37:20'),
(238, 183, 3, 6, 2000, 81, NULL, '2017-07-03 04:37:20', '2017-07-03 04:37:20'),
(239, 76, 9, 9, 24000, 81, NULL, '2017-07-03 04:37:20', '2017-07-03 04:37:20'),
(240, 79, 7, 6, 18000, 81, NULL, '2017-07-03 04:37:20', '2017-07-03 04:37:20'),
(241, 101, 3, 3, 9000, 81, NULL, '2017-07-03 04:37:20', '2017-07-03 04:37:20'),
(242, 93, 3, 4, 4000, 81, NULL, '2017-07-03 04:37:20', '2017-07-03 04:37:20'),
(243, 96, 3, 6, 42000, 82, NULL, '2017-07-03 04:39:03', '2017-07-03 04:39:03'),
(244, 108, 3, 6, 3000, 82, NULL, '2017-07-03 04:39:03', '2017-07-03 04:39:03'),
(245, 183, 3, 3, 1000, 82, NULL, '2017-07-03 04:39:03', '2017-07-03 04:39:03'),
(246, 74, 9, 6, 21000, 82, NULL, '2017-07-03 04:39:03', '2017-07-03 04:39:03'),
(247, 47, 7, 6, 36000, 82, NULL, '2017-07-03 04:39:03', '2017-07-03 04:39:03'),
(248, 175, 5, 1, 45000, 82, NULL, '2017-07-03 04:39:03', '2017-07-03 04:39:03'),
(249, 146, 5, 1, 25000, 82, NULL, '2017-07-03 04:39:03', '2017-07-03 04:39:03'),
(250, 98, 3, 5, 40000, 83, NULL, '2017-07-03 23:17:39', '2017-07-03 23:17:39'),
(251, 105, 3, 3, 9000, 83, NULL, '2017-07-03 23:17:39', '2017-07-03 23:17:39'),
(252, 47, 7, 6, 36000, 83, NULL, '2017-07-03 23:17:39', '2017-07-03 23:17:39'),
(253, 101, 3, 3, 9000, 83, NULL, '2017-07-03 23:17:39', '2017-07-03 23:17:39'),
(254, 107, 3, 3, 21000, 83, NULL, '2017-07-03 23:17:39', '2017-07-03 23:17:39'),
(255, 100, 7, 10, 35000, 84, NULL, '2017-07-03 23:21:21', '2017-07-03 23:21:21'),
(256, 108, 3, 10, 5000, 84, NULL, '2017-07-03 23:21:21', '2017-07-03 23:21:21'),
(257, 47, 7, 5, 30000, 84, NULL, '2017-07-03 23:21:21', '2017-07-03 23:21:21'),
(258, 67, 5, 1, 58000, 84, NULL, '2017-07-03 23:21:21', '2017-07-03 23:21:21'),
(259, 116, 5, 1, 51000, 84, NULL, '2017-07-03 23:21:21', '2017-07-03 23:21:21'),
(260, 132, 3, 6, 30000, 85, NULL, '2017-07-03 23:29:26', '2017-07-03 23:29:26'),
(261, 104, 3, 3, 9000, 85, NULL, '2017-07-03 23:29:26', '2017-07-03 23:29:26'),
(262, 80, 9, 3, 14000, 85, NULL, '2017-07-03 23:29:26', '2017-07-03 23:29:26'),
(263, 79, 7, 6, 18000, 85, NULL, '2017-07-03 23:29:26', '2017-07-03 23:29:26'),
(264, 174, 3, 10, 3000, 85, NULL, '2017-07-03 23:29:26', '2017-07-03 23:29:26'),
(265, 101, 3, 3, 9000, 85, NULL, '2017-07-03 23:29:26', '2017-07-03 23:29:26'),
(266, 175, 5, 1, 45000, 85, NULL, '2017-07-03 23:29:26', '2017-07-03 23:29:26'),
(301, 123, 7, 6, 18000, 86, NULL, '2017-07-04 09:46:05', '2017-07-04 09:46:05'),
(302, 184, 3, 3, 2000, 86, NULL, '2017-07-04 09:46:05', '2017-07-04 09:46:05'),
(303, 181, 7, 3, 9000, 86, NULL, '2017-07-04 09:46:05', '2017-07-04 09:46:05'),
(304, 47, 7, 3, 18000, 86, NULL, '2017-07-04 09:46:05', '2017-07-04 09:46:05'),
(305, 145, 5, 1, 16000, 86, NULL, '2017-07-04 09:46:05', '2017-07-04 09:46:05'),
(310, 78, 9, 14, 35000, 87, NULL, '2017-07-04 09:46:37', '2017-07-04 09:46:37'),
(311, 88, 3, 7, 7000, 87, NULL, '2017-07-04 09:46:37', '2017-07-04 09:46:37'),
(312, 117, 5, 2, 140000, 87, NULL, '2017-07-04 09:46:37', '2017-07-04 09:46:37'),
(313, 168, 5, 1, 8000, 87, NULL, '2017-07-04 09:46:37', '2017-07-04 09:46:37'),
(314, 99, 7, 10, 70000, 88, NULL, '2017-07-04 09:48:52', '2017-07-04 09:48:52'),
(315, 108, 3, 10, 5000, 88, NULL, '2017-07-04 09:48:52', '2017-07-04 09:48:52'),
(316, 183, 3, 5, 1000, 88, NULL, '2017-07-04 09:48:52', '2017-07-04 09:48:52'),
(317, 47, 7, 10, 60000, 88, NULL, '2017-07-04 09:48:52', '2017-07-04 09:48:52'),
(318, 101, 3, 5, 15000, 88, NULL, '2017-07-04 09:48:52', '2017-07-04 09:48:52'),
(319, 102, 7, 5, 15000, 89, NULL, '2017-07-04 09:56:26', '2017-07-04 09:56:26'),
(320, 108, 3, 3, 2000, 89, NULL, '2017-07-04 09:56:26', '2017-07-04 09:56:26'),
(321, 183, 3, 2, 1000, 89, NULL, '2017-07-04 09:56:26', '2017-07-04 09:56:26'),
(322, 39, 7, 3, 11000, 89, NULL, '2017-07-04 09:56:26', '2017-07-04 09:56:26'),
(323, 67, 5, 1, 58000, 89, NULL, '2017-07-04 09:56:26', '2017-07-04 09:56:26'),
(324, 56, 5, 1, 18000, 89, NULL, '2017-07-04 09:56:26', '2017-07-04 09:56:26'),
(325, 144, 5, 1, 13000, 89, NULL, '2017-07-04 09:56:26', '2017-07-04 09:56:26'),
(366, 100, 7, 6, 21000, 91, NULL, '2017-07-04 10:06:52', '2017-07-04 10:06:52'),
(367, 108, 3, 6, 3000, 91, NULL, '2017-07-04 10:06:52', '2017-07-04 10:06:52'),
(368, 183, 3, 3, 1000, 91, NULL, '2017-07-04 10:06:52', '2017-07-04 10:06:52'),
(369, 47, 7, 3, 18000, 91, NULL, '2017-07-04 10:06:52', '2017-07-04 10:06:52'),
(370, 67, 5, 1, 58000, 91, NULL, '2017-07-04 10:06:52', '2017-07-04 10:06:52'),
(371, 161, 5, 1, 37000, 91, NULL, '2017-07-04 10:06:52', '2017-07-04 10:06:52'),
(372, 145, 5, 1, 16000, 91, NULL, '2017-07-04 10:06:52', '2017-07-04 10:06:52'),
(373, 56, 5, 1, 18000, 91, NULL, '2017-07-04 10:06:52', '2017-07-04 10:06:52'),
(386, 99, 7, 6, 42000, 90, NULL, '2017-07-04 10:10:10', '2017-07-04 10:10:10'),
(387, 108, 3, 6, 3000, 90, NULL, '2017-07-04 10:10:10', '2017-07-04 10:10:10'),
(388, 183, 3, 3, 1000, 90, NULL, '2017-07-04 10:10:10', '2017-07-04 10:10:10'),
(389, 74, 9, 6, 21000, 90, NULL, '2017-07-04 10:10:10', '2017-07-04 10:10:10'),
(390, 153, 5, 1, 4000, 90, NULL, '2017-07-04 10:10:10', '2017-07-04 10:10:10'),
(391, 124, 5, 1, 56000, 90, NULL, '2017-07-04 10:10:10', '2017-07-04 10:10:10'),
(392, 46, 3, 10, 3000, 92, NULL, '2017-07-04 10:12:09', '2017-07-04 10:12:09'),
(397, 127, 7, 6, 33000, 94, NULL, '2017-07-04 10:17:40', '2017-07-04 10:17:40'),
(398, 108, 3, 6, 3000, 94, NULL, '2017-07-04 10:17:40', '2017-07-04 10:17:40'),
(399, 183, 3, 3, 1000, 94, NULL, '2017-07-04 10:17:40', '2017-07-04 10:17:40'),
(400, 47, 7, 3, 18000, 94, NULL, '2017-07-04 10:17:40', '2017-07-04 10:17:40'),
(401, 113, 2, 1, 66000, 94, NULL, '2017-07-04 10:17:40', '2017-07-04 10:17:40'),
(402, 119, 5, 1, 21000, 94, NULL, '2017-07-04 10:17:40', '2017-07-04 10:17:40'),
(403, 116, 5, 1, 51000, 94, NULL, '2017-07-04 10:17:40', '2017-07-04 10:17:40'),
(404, 100, 7, 3, 11000, 95, NULL, '2017-07-04 10:21:03', '2017-07-04 10:21:03'),
(405, 108, 3, 3, 2000, 95, NULL, '2017-07-04 10:21:03', '2017-07-04 10:21:03'),
(406, 74, 9, 3, 11000, 95, NULL, '2017-07-04 10:21:03', '2017-07-04 10:21:03'),
(407, 114, 5, 1, 100000, 93, NULL, '2017-07-04 10:21:41', '2017-07-04 10:21:41'),
(408, 75, 2, 1, 170000, 93, NULL, '2017-07-04 10:21:41', '2017-07-04 10:21:41'),
(409, 107, 3, 5, 35000, 93, NULL, '2017-07-04 10:21:41', '2017-07-04 10:21:41'),
(410, 96, 3, 4, 28000, 96, NULL, '2017-07-04 10:23:57', '2017-07-04 10:23:57'),
(411, 108, 3, 4, 2000, 96, NULL, '2017-07-04 10:23:57', '2017-07-04 10:23:57'),
(412, 183, 3, 2, 1000, 96, NULL, '2017-07-04 10:23:57', '2017-07-04 10:23:57'),
(413, 74, 9, 4, 14000, 96, NULL, '2017-07-04 10:23:57', '2017-07-04 10:23:57'),
(414, 175, 5, 1, 45000, 96, NULL, '2017-07-04 10:23:57', '2017-07-04 10:23:57'),
(415, 56, 5, 1, 18000, 96, NULL, '2017-07-04 10:23:57', '2017-07-04 10:23:57'),
(423, 132, 3, 6, 30000, 98, NULL, '2017-07-04 10:30:09', '2017-07-04 10:30:09'),
(424, 104, 3, 3, 9000, 98, NULL, '2017-07-04 10:30:09', '2017-07-04 10:30:09'),
(425, 79, 7, 6, 18000, 98, NULL, '2017-07-04 10:30:09', '2017-07-04 10:30:09'),
(426, 76, 9, 6, 16000, 98, NULL, '2017-07-04 10:30:09', '2017-07-04 10:30:09'),
(427, 101, 3, 3, 9000, 98, NULL, '2017-07-04 10:30:09', '2017-07-04 10:30:09'),
(428, 47, 7, 6, 36000, 98, NULL, '2017-07-04 10:30:09', '2017-07-04 10:30:09'),
(431, 99, 7, 6, 42000, 100, NULL, '2017-07-04 10:38:15', '2017-07-04 10:38:15'),
(432, 108, 3, 6, 3000, 100, NULL, '2017-07-04 10:38:15', '2017-07-04 10:38:15'),
(433, 183, 3, 3, 1000, 100, NULL, '2017-07-04 10:38:15', '2017-07-04 10:38:15'),
(434, 109, 5, 1, 30000, 100, NULL, '2017-07-04 10:38:15', '2017-07-04 10:38:15'),
(435, 74, 9, 6, 21000, 100, NULL, '2017-07-04 10:38:15', '2017-07-04 10:38:15'),
(436, 47, 7, 6, 36000, 100, NULL, '2017-07-04 10:38:15', '2017-07-04 10:38:15'),
(437, 153, 5, 1, 4000, 100, NULL, '2017-07-04 10:38:15', '2017-07-04 10:38:15'),
(438, 50, 7, 5, 25000, 99, NULL, '2017-07-04 10:39:06', '2017-07-04 10:39:06'),
(439, 177, 9, 10, 45000, 99, NULL, '2017-07-04 10:39:06', '2017-07-04 10:39:06'),
(440, 190, 3, 5, 5000, 99, NULL, '2017-07-04 10:39:06', '2017-07-04 10:39:06'),
(448, 103, 7, 3, 26000, 97, NULL, '2017-07-04 10:40:26', '2017-07-04 10:40:26'),
(449, 108, 3, 6, 3000, 97, NULL, '2017-07-04 10:40:26', '2017-07-04 10:40:26'),
(450, 183, 3, 3, 1000, 97, NULL, '2017-07-04 10:40:26', '2017-07-04 10:40:26'),
(451, 187, 5, 1, 70000, 97, NULL, '2017-07-04 10:40:26', '2017-07-04 10:40:26'),
(452, 74, 9, 6, 21000, 97, NULL, '2017-07-04 10:40:26', '2017-07-04 10:40:26'),
(453, 151, 5, 1, 27000, 97, NULL, '2017-07-04 10:40:26', '2017-07-04 10:40:26'),
(454, 47, 7, 6, 36000, 97, NULL, '2017-07-04 10:40:26', '2017-07-04 10:40:26'),
(455, 95, 3, 6, 36000, 101, NULL, '2017-07-04 10:43:14', '2017-07-04 10:43:14'),
(456, 105, 3, 3, 9000, 101, NULL, '2017-07-04 10:43:14', '2017-07-04 10:43:14'),
(457, 78, 9, 6, 15000, 101, NULL, '2017-07-04 10:43:14', '2017-07-04 10:43:14'),
(458, 101, 3, 6, 18000, 101, NULL, '2017-07-04 10:43:14', '2017-07-04 10:43:14'),
(459, 91, 3, 6, 6000, 101, NULL, '2017-07-04 10:43:14', '2017-07-04 10:43:14'),
(470, 176, 7, 3, 3000, 102, NULL, '2017-07-04 11:01:12', '2017-07-04 11:01:12'),
(471, 56, 5, 1, 18000, 102, NULL, '2017-07-04 11:01:12', '2017-07-04 11:01:12'),
(472, 177, 9, 6, 27000, 102, NULL, '2017-07-04 11:01:12', '2017-07-04 11:01:12'),
(473, 52, 7, 6, 27000, 102, NULL, '2017-07-04 11:01:12', '2017-07-04 11:01:12'),
(474, 136, 7, 5, 5000, 102, NULL, '2017-07-04 11:01:12', '2017-07-04 11:01:12'),
(475, 191, 7, 5, 5000, 102, NULL, '2017-07-04 11:01:12', '2017-07-04 11:01:12'),
(476, 90, 3, 15, 105000, 103, NULL, '2017-07-04 11:37:40', '2017-07-04 11:37:40');

-- --------------------------------------------------------

--
-- Table structure for table `password_resets`
--

CREATE TABLE `password_resets` (
  `email` varchar(255) COLLATE utf8mb4_unicode_ci NOT NULL,
  `token` varchar(255) COLLATE utf8mb4_unicode_ci NOT NULL,
  `created_at` timestamp NULL DEFAULT NULL
) ENGINE=InnoDB DEFAULT CHARSET=utf8mb4 COLLATE=utf8mb4_unicode_ci;

-- --------------------------------------------------------

--
-- Table structure for table `special_prices`
--

CREATE TABLE `special_prices` (
  `id` int(10) UNSIGNED NOT NULL,
  `unit_id` varchar(255) COLLATE utf8mb4_unicode_ci NOT NULL,
  `quantity` int(11) NOT NULL,
  `price` int(11) NOT NULL,
  `drug_id` varchar(255) COLLATE utf8mb4_unicode_ci NOT NULL,
  `deleted_at` timestamp NULL DEFAULT NULL,
  `created_at` timestamp NULL DEFAULT NULL,
  `updated_at` timestamp NULL DEFAULT NULL
) ENGINE=InnoDB DEFAULT CHARSET=utf8mb4 COLLATE=utf8mb4_unicode_ci;

--
-- Dumping data for table `special_prices`
--

INSERT INTO `special_prices` (`id`, `unit_id`, `quantity`, `price`, `drug_id`, `deleted_at`, `created_at`, `updated_at`) VALUES
(69, '7', 3, 11000, '39', NULL, '2017-06-08 03:29:13', '2017-06-08 03:29:13'),
(70, '7', 1, 4000, '39', NULL, '2017-06-08 03:29:13', '2017-06-08 03:29:13'),
(71, '7', 1, 3000, '40', NULL, '2017-06-08 09:49:27', '2017-06-08 09:49:27'),
(72, '7', 2, 6000, '40', NULL, '2017-06-08 09:49:27', '2017-06-08 09:49:27'),
(73, '7', 1, 5000, '41', NULL, '2017-06-08 09:53:37', '2017-06-08 09:53:37'),
(74, '7', 3, 15000, '41', NULL, '2017-06-08 09:53:37', '2017-06-08 09:53:37'),
(75, '3', 1, 14000, '42', NULL, '2017-06-08 09:55:27', '2017-06-08 09:55:27'),
(76, '3', 3, 42000, '42', NULL, '2017-06-08 09:55:27', '2017-06-08 09:55:27'),
(77, '3', 5, 70000, '42', NULL, '2017-06-08 09:55:27', '2017-06-08 09:55:27'),
(81, '3', 1, 3000, '44', NULL, '2017-06-08 09:59:32', '2017-06-08 09:59:32'),
(85, '3', 1, 1000, '46', NULL, '2017-06-08 10:01:46', '2017-06-08 10:01:46'),
(86, '3', 2, 1000, '46', NULL, '2017-06-08 10:01:46', '2017-06-08 10:01:46'),
(87, '3', 3, 2000, '46', NULL, '2017-06-08 10:01:46', '2017-06-08 10:01:46'),
(88, '3', 4, 2000, '46', NULL, '2017-06-08 10:01:46', '2017-06-08 10:01:46'),
(89, '3', 5, 3000, '46', NULL, '2017-06-08 10:01:46', '2017-06-08 10:01:46'),
(90, '7', 1, 6000, '47', NULL, '2017-06-08 10:02:39', '2017-06-08 10:02:39'),
(91, '7', 6, 36000, '47', NULL, '2017-06-08 10:02:39', '2017-06-08 10:02:39'),
(92, '7', 10, 60000, '47', NULL, '2017-06-08 10:02:39', '2017-06-08 10:02:39'),
(93, '3', 1, 2000, '48', NULL, '2017-06-08 10:05:41', '2017-06-08 10:05:41'),
(94, '3', 2, 4000, '48', NULL, '2017-06-08 10:05:41', '2017-06-08 10:05:41'),
(98, '7', 1, 5000, '50', NULL, '2017-06-08 10:06:55', '2017-06-08 10:06:55'),
(99, '7', 2, 10000, '50', NULL, '2017-06-08 10:06:55', '2017-06-08 10:06:55'),
(100, '7', 1, 6000, '49', NULL, '2017-06-08 10:10:54', '2017-06-08 10:10:54'),
(101, '7', 4, 24000, '49', NULL, '2017-06-08 10:10:54', '2017-06-08 10:10:54'),
(102, '7', 10, 60000, '49', NULL, '2017-06-08 10:10:54', '2017-06-08 10:10:54'),
(103, '3', 1, 1000, '51', NULL, '2017-06-08 10:11:05', '2017-06-08 10:11:05'),
(104, '3', 2, 2000, '51', NULL, '2017-06-08 10:11:05', '2017-06-08 10:11:05'),
(105, '7', 1, 5000, '52', NULL, '2017-06-08 10:12:46', '2017-06-08 10:12:46'),
(106, '7', 2, 9000, '52', NULL, '2017-06-08 10:12:46', '2017-06-08 10:12:46'),
(107, '7', 3, 14000, '52', NULL, '2017-06-08 10:12:46', '2017-06-08 10:12:46'),
(108, '7', 1, 4000, '53', NULL, '2017-06-08 10:15:16', '2017-06-08 10:15:16'),
(109, '7', 5, 20000, '53', NULL, '2017-06-08 10:15:16', '2017-06-08 10:15:16'),
(110, '7', 10, 40000, '53', NULL, '2017-06-08 10:15:16', '2017-06-08 10:15:16'),
(111, '4', 1, 86000, '54', NULL, '2017-06-08 10:19:19', '2017-06-08 10:19:19'),
(112, '5', 1, 30000, '55', NULL, '2017-06-08 10:19:55', '2017-06-08 10:19:55'),
(113, '5', 1, 18000, '56', NULL, '2017-06-08 10:20:57', '2017-06-08 10:20:57'),
(114, '7', 1, 5000, '57', NULL, '2017-06-08 10:28:25', '2017-06-08 10:28:25'),
(115, '7', 6, 30000, '57', NULL, '2017-06-08 10:28:25', '2017-06-08 10:28:25'),
(116, '7', 10, 50000, '57', NULL, '2017-06-08 10:28:25', '2017-06-08 10:28:25'),
(117, '7', 10, 65000, '58', NULL, '2017-06-08 10:32:46', '2017-06-08 10:32:46'),
(118, '7', 20, 130000, '58', NULL, '2017-06-08 10:32:46', '2017-06-08 10:32:46'),
(119, '2', 1, 30000, '59', NULL, '2017-06-08 10:43:43', '2017-06-08 10:43:43'),
(120, '7', 10, 50000, '60', NULL, '2017-06-08 10:47:16', '2017-06-08 10:47:16'),
(121, '2', 1, 1, '61', NULL, '2017-06-08 10:50:30', '2017-06-08 10:50:30'),
(122, '2', 1, 1, '62', NULL, '2017-06-08 11:00:55', '2017-06-08 11:00:55'),
(123, '5', 1, 18000, '63', NULL, '2017-06-08 11:01:32', '2017-06-08 11:01:32'),
(124, '5', 1, 25000, '64', NULL, '2017-06-08 11:02:04', '2017-06-08 11:02:04'),
(125, '5', 1, 45000, '66', NULL, '2017-06-08 11:02:40', '2017-06-08 11:02:40'),
(126, '5', 1, 58000, '67', NULL, '2017-06-08 11:03:50', '2017-06-08 11:03:50'),
(130, '3', 1, 12000, '69', NULL, '2017-06-08 11:33:50', '2017-06-08 11:33:50'),
(131, '3', 2, 23000, '69', NULL, '2017-06-08 11:33:50', '2017-06-08 11:33:50'),
(132, '3', 3, 35000, '69', NULL, '2017-06-08 11:33:50', '2017-06-08 11:33:50'),
(133, '3', 1, 12000, '70', NULL, '2017-06-08 11:34:55', '2017-06-08 11:34:55'),
(134, '3', 2, 23000, '70', NULL, '2017-06-08 11:34:55', '2017-06-08 11:34:55'),
(135, '3', 3, 35000, '70', NULL, '2017-06-08 11:34:55', '2017-06-08 11:34:55'),
(136, '7', 1, 2000, '71', NULL, '2017-06-08 11:35:54', '2017-06-08 11:35:54'),
(137, '7', 2, 4000, '71', NULL, '2017-06-08 11:35:54', '2017-06-08 11:35:54'),
(138, '3', 1, 1000, '72', NULL, '2017-06-08 11:37:10', '2017-06-08 11:37:10'),
(139, '3', 2, 1000, '72', NULL, '2017-06-08 11:37:10', '2017-06-08 11:37:10'),
(140, '9', 1, 4000, '74', NULL, '2017-06-08 11:38:30', '2017-06-08 11:38:30'),
(141, '9', 2, 7000, '74', NULL, '2017-06-08 11:38:30', '2017-06-08 11:38:30'),
(142, '9', 3, 11000, '74', NULL, '2017-06-08 11:38:30', '2017-06-08 11:38:30'),
(145, '9', 1, 4000, '77', NULL, '2017-06-08 11:40:49', '2017-06-08 11:40:49'),
(146, '9', 2, 7000, '77', NULL, '2017-06-08 11:40:49', '2017-06-08 11:40:49'),
(147, '9', 3, 11000, '77', NULL, '2017-06-08 11:40:49', '2017-06-08 11:40:49'),
(151, '7', 1, 5000, '68', NULL, '2017-06-08 11:42:49', '2017-06-08 11:42:49'),
(152, '7', 3, 14000, '68', NULL, '2017-06-08 11:42:49', '2017-06-08 11:42:49'),
(153, '7', 10, 45000, '68', NULL, '2017-06-08 11:42:49', '2017-06-08 11:42:49'),
(154, '7', 1, 3000, '79', NULL, '2017-06-08 11:42:56', '2017-06-08 11:42:56'),
(155, '7', 2, 6000, '79', NULL, '2017-06-08 11:42:56', '2017-06-08 11:42:56'),
(156, '9', 1, 5000, '80', NULL, '2017-06-08 11:44:42', '2017-06-08 11:44:42'),
(157, '9', 2, 9000, '80', NULL, '2017-06-08 11:44:42', '2017-06-08 11:44:42'),
(158, '9', 3, 14000, '80', NULL, '2017-06-08 11:44:42', '2017-06-08 11:44:42'),
(159, '2', 1, 1, '81', NULL, '2017-06-08 11:45:10', '2017-06-08 11:45:10'),
(160, '3', 1, 5000, '83', NULL, '2017-06-08 11:46:57', '2017-06-08 11:46:57'),
(161, '3', 1, 7000, '84', NULL, '2017-06-08 11:48:05', '2017-06-08 11:48:05'),
(162, '3', 1, 2000, '85', NULL, '2017-06-08 11:49:06', '2017-06-08 11:49:06'),
(163, '3', 2, 3000, '85', NULL, '2017-06-08 11:49:06', '2017-06-08 11:49:06'),
(166, '3', 1, 6000, '87', NULL, '2017-06-08 11:52:58', '2017-06-08 11:52:58'),
(167, '3', 2, 11000, '87', NULL, '2017-06-08 11:52:58', '2017-06-08 11:52:58'),
(168, '3', 3, 17000, '87', NULL, '2017-06-08 11:52:58', '2017-06-08 11:52:58'),
(179, '3', 1, 1000, '93', NULL, '2017-06-08 11:58:38', '2017-06-08 11:58:38'),
(180, '3', 4, 4000, '93', NULL, '2017-06-08 11:58:38', '2017-06-08 11:58:38'),
(181, '3', 1, 10000, '94', NULL, '2017-06-08 11:59:15', '2017-06-08 11:59:15'),
(182, '3', 2, 19000, '94', NULL, '2017-06-08 11:59:15', '2017-06-08 11:59:15'),
(190, '7', 1, 4000, '100', NULL, '2017-06-08 12:09:09', '2017-06-08 12:09:09'),
(191, '7', 2, 7000, '100', NULL, '2017-06-08 12:09:09', '2017-06-08 12:09:09'),
(192, '7', 3, 11000, '100', NULL, '2017-06-08 12:09:09', '2017-06-08 12:09:09'),
(193, '3', 1, 3000, '101', NULL, '2017-06-08 12:09:20', '2017-06-08 12:09:20'),
(194, '3', 6, 18000, '101', NULL, '2017-06-08 12:09:20', '2017-06-08 12:09:20'),
(195, '4', 1, 30000, '101', NULL, '2017-06-08 12:09:20', '2017-06-08 12:09:20'),
(198, '7', 1, 9000, '103', NULL, '2017-06-08 12:16:48', '2017-06-08 12:16:48'),
(199, '7', 2, 17000, '103', NULL, '2017-06-08 12:16:48', '2017-06-08 12:16:48'),
(200, '7', 3, 26000, '103', NULL, '2017-06-08 12:16:48', '2017-06-08 12:16:48'),
(205, '7', 1, 2000, '45', NULL, '2017-06-08 12:58:47', '2017-06-08 12:58:47'),
(206, '7', 3, 6000, '45', NULL, '2017-06-08 12:58:47', '2017-06-08 12:58:47'),
(207, '7', 10, 20000, '45', NULL, '2017-06-08 12:58:47', '2017-06-08 12:58:47'),
(216, '3', 5, 5000, '97', NULL, '2017-06-08 16:52:32', '2017-06-08 16:52:32'),
(217, '3', 10, 8000, '97', NULL, '2017-06-08 16:52:32', '2017-06-08 16:52:32'),
(218, '3', 10, 8000, '88', NULL, '2017-06-08 16:54:54', '2017-06-08 16:54:54'),
(220, '3', 1, 1000, '108', NULL, '2017-06-08 23:41:25', '2017-06-08 23:41:25'),
(221, '3', 2, 1000, '108', NULL, '2017-06-08 23:41:25', '2017-06-08 23:41:25'),
(222, '3', 3, 2000, '108', NULL, '2017-06-08 23:41:25', '2017-06-08 23:41:25'),
(223, '3', 4, 2000, '108', NULL, '2017-06-08 23:41:25', '2017-06-08 23:41:25'),
(224, '3', 10, 6000, '91', NULL, '2017-06-09 00:24:01', '2017-06-09 00:24:01'),
(225, '7', 1, 7000, '118', NULL, '2017-06-09 03:43:39', '2017-06-09 03:43:39'),
(226, '7', 2, 13000, '118', NULL, '2017-06-09 03:43:39', '2017-06-09 03:43:39'),
(227, '7', 3, 20000, '118', NULL, '2017-06-09 03:43:39', '2017-06-09 03:43:39'),
(228, '7', 1, 4000, '121', NULL, '2017-06-09 03:45:57', '2017-06-09 03:45:57'),
(229, '7', 2, 7000, '121', NULL, '2017-06-09 03:45:57', '2017-06-09 03:45:57'),
(230, '7', 3, 11000, '121', NULL, '2017-06-09 03:45:57', '2017-06-09 03:45:57'),
(231, '7', 1, 6000, '127', NULL, '2017-06-09 03:50:20', '2017-06-09 03:50:20'),
(232, '7', 2, 11000, '127', NULL, '2017-06-09 03:50:20', '2017-06-09 03:50:20'),
(233, '7', 3, 17000, '127', NULL, '2017-06-09 03:50:20', '2017-06-09 03:50:20'),
(234, '7', 1, 2000, '133', NULL, '2017-06-09 04:00:18', '2017-06-09 04:00:18'),
(235, '3', 1, 2000, '134', NULL, '2017-06-09 04:01:18', '2017-06-09 04:01:18'),
(236, '3', 2, 3000, '134', NULL, '2017-06-09 04:01:18', '2017-06-09 04:01:18'),
(237, '3', 3, 5000, '134', NULL, '2017-06-09 04:01:18', '2017-06-09 04:01:18'),
(238, '3', 4, 6000, '134', NULL, '2017-06-09 04:01:18', '2017-06-09 04:01:18'),
(239, '7', 1, 1000, '136', NULL, '2017-06-09 04:02:41', '2017-06-09 04:02:41'),
(240, '3', 1, 9000, '137', NULL, '2017-06-09 04:08:16', '2017-06-09 04:08:16'),
(241, '3', 2, 17000, '137', NULL, '2017-06-09 04:08:16', '2017-06-09 04:08:16'),
(243, '3', 1, 3000, '142', NULL, '2017-06-09 04:10:53', '2017-06-09 04:10:53'),
(244, '3', 1, 2000, '139', NULL, '2017-06-09 04:12:32', '2017-06-09 04:12:32'),
(245, '3', 1, 3000, '143', NULL, '2017-06-09 04:14:13', '2017-06-09 04:14:13'),
(246, '7', 10, 14000, '147', NULL, '2017-06-09 04:25:20', '2017-06-09 04:25:20'),
(247, '7', 10, 18000, '148', NULL, '2017-06-09 04:26:55', '2017-06-09 04:26:55'),
(248, '3', 10, 4000, '149', NULL, '2017-06-09 04:32:32', '2017-06-09 04:32:32'),
(249, '3', 5, 2000, '174', NULL, '2017-06-10 02:43:52', '2017-06-10 02:43:52'),
(250, '3', 10, 3000, '174', NULL, '2017-06-10 02:43:52', '2017-06-10 02:43:52'),
(254, '9', 1, 7000, '178', NULL, '2017-06-13 09:40:24', '2017-06-13 09:40:24'),
(255, '9', 2, 13000, '178', NULL, '2017-06-13 09:40:24', '2017-06-13 09:40:24'),
(256, '9', 3, 19000, '178', NULL, '2017-06-13 09:40:24', '2017-06-13 09:40:24'),
(257, '3', 1, 1000, '182', NULL, '2017-06-13 10:15:51', '2017-06-13 10:15:51'),
(258, '3', 2, 1000, '182', NULL, '2017-06-13 10:15:51', '2017-06-13 10:15:51'),
(259, '3', 3, 1000, '182', NULL, '2017-06-13 10:15:51', '2017-06-13 10:15:51'),
(260, '3', 4, 2000, '182', NULL, '2017-06-13 10:15:51', '2017-06-13 10:15:51'),
(272, '9', 1, 3000, '78', NULL, '2017-07-02 10:41:43', '2017-07-02 10:41:43'),
(273, '9', 6, 15000, '78', NULL, '2017-07-02 10:41:43', '2017-07-02 10:41:43'),
(274, '9', 10, 25000, '78', NULL, '2017-07-02 10:41:43', '2017-07-02 10:41:43'),
(275, '3', 2, 1000, '183', NULL, '2017-07-02 11:07:20', '2017-07-02 11:07:20'),
(276, '3', 3, 1000, '183', NULL, '2017-07-02 11:07:20', '2017-07-02 11:07:20'),
(277, '3', 4, 1000, '183', NULL, '2017-07-02 11:07:20', '2017-07-02 11:07:20'),
(278, '3', 5, 1000, '183', NULL, '2017-07-02 11:07:20', '2017-07-02 11:07:20'),
(279, '3', 6, 2000, '183', NULL, '2017-07-02 11:07:20', '2017-07-02 11:07:20'),
(280, '3', 7, 2000, '183', NULL, '2017-07-02 11:07:20', '2017-07-02 11:07:20'),
(281, '3', 8, 2000, '183', NULL, '2017-07-02 11:07:20', '2017-07-02 11:07:20'),
(282, '3', 9, 2000, '183', NULL, '2017-07-02 11:07:20', '2017-07-02 11:07:20'),
(283, '3', 10, 2000, '183', NULL, '2017-07-02 11:07:20', '2017-07-02 11:07:20'),
(284, '3', 2, 1000, '184', NULL, '2017-07-02 11:23:58', '2017-07-02 11:23:58'),
(285, '3', 3, 2000, '184', NULL, '2017-07-02 11:23:58', '2017-07-02 11:23:58'),
(286, '3', 4, 2000, '184', NULL, '2017-07-02 11:23:58', '2017-07-02 11:23:58'),
(287, '3', 5, 3000, '184', NULL, '2017-07-02 11:23:58', '2017-07-02 11:23:58'),
(288, '3', 6, 3000, '184', NULL, '2017-07-02 11:23:58', '2017-07-02 11:23:58'),
(289, '9', 1, 5000, '177', NULL, '2017-07-02 11:42:30', '2017-07-02 11:42:30'),
(290, '9', 2, 9000, '177', NULL, '2017-07-02 11:42:30', '2017-07-02 11:42:30'),
(291, '9', 3, 14000, '177', NULL, '2017-07-02 11:42:30', '2017-07-02 11:42:30'),
(292, '9', 1, 3000, '76', NULL, '2017-07-03 04:34:14', '2017-07-03 04:34:14'),
(293, '9', 2, 6000, '76', NULL, '2017-07-03 04:34:14', '2017-07-03 04:34:14'),
(294, '9', 9, 24000, '76', NULL, '2017-07-03 04:34:14', '2017-07-03 04:34:14'),
(295, '9', 6, 16000, '76', NULL, '2017-07-03 04:34:14', '2017-07-03 04:34:14'),
(297, '3', 10, 21000, '196', NULL, '2017-07-04 11:49:47', '2017-07-04 11:49:47'),
(298, '3', 1, 3000, '196', NULL, '2017-07-04 11:49:47', '2017-07-04 11:49:47'),
(299, '3', 5, 13000, '196', NULL, '2017-07-04 11:49:47', '2017-07-04 11:49:47'),
(300, '7', 1, 4000, '43', NULL, '2017-07-04 12:20:02', '2017-07-04 12:20:02'),
(301, '7', 2, 8000, '43', NULL, '2017-07-04 12:20:02', '2017-07-04 12:20:02'),
(302, '7', 10, 40000, '43', NULL, '2017-07-04 12:20:02', '2017-07-04 12:20:02');

-- --------------------------------------------------------

--
-- Table structure for table `units`
--

CREATE TABLE `units` (
  `id` int(10) UNSIGNED NOT NULL,
  `name` varchar(255) COLLATE utf8mb4_unicode_ci NOT NULL,
  `deleted_at` timestamp NULL DEFAULT NULL,
  `created_at` timestamp NULL DEFAULT NULL,
  `updated_at` timestamp NULL DEFAULT NULL
) ENGINE=InnoDB DEFAULT CHARSET=utf8mb4 COLLATE=utf8mb4_unicode_ci;

--
-- Dumping data for table `units`
--

INSERT INTO `units` (`id`, `name`, `deleted_at`, `created_at`, `updated_at`) VALUES
(2, 'hộp', NULL, NULL, NULL),
(3, 'viên', NULL, NULL, NULL),
(4, 'vĩ', NULL, NULL, NULL),
(5, 'chai', NULL, NULL, NULL),
(6, 'lọ', NULL, NULL, NULL),
(7, 'gói', NULL, NULL, NULL),
(9, 'ống', NULL, NULL, NULL);

-- --------------------------------------------------------

--
-- Table structure for table `unit_prices`
--

CREATE TABLE `unit_prices` (
  `id` int(10) UNSIGNED NOT NULL,
  `unit_id` varchar(255) COLLATE utf8mb4_unicode_ci NOT NULL,
  `ref_unit_id` int(11) NOT NULL,
  `quantity` int(11) NOT NULL,
  `drug_id` varchar(255) COLLATE utf8mb4_unicode_ci NOT NULL,
  `deleted_at` timestamp NULL DEFAULT NULL,
  `created_at` timestamp NULL DEFAULT NULL,
  `updated_at` timestamp NULL DEFAULT NULL
) ENGINE=InnoDB DEFAULT CHARSET=utf8mb4 COLLATE=utf8mb4_unicode_ci;

--
-- Dumping data for table `unit_prices`
--

INSERT INTO `unit_prices` (`id`, `unit_id`, `ref_unit_id`, `quantity`, `drug_id`, `deleted_at`, `created_at`, `updated_at`) VALUES
(155, '2', 3, 2, '38', NULL, '2017-06-06 23:39:24', '2017-06-06 23:39:24'),
(156, '3', 4, 22, '38', NULL, '2017-06-06 23:39:24', '2017-06-06 23:39:24'),
(157, '4', -1, -1, '38', NULL, '2017-06-06 23:39:24', '2017-06-06 23:39:24'),
(158, '2', 7, 24, '39', NULL, '2017-06-08 03:29:13', '2017-06-08 03:29:13'),
(159, '7', -1, -1, '39', NULL, '2017-06-08 03:29:13', '2017-06-08 03:29:13'),
(160, '2', 7, 30, '40', NULL, '2017-06-08 09:49:27', '2017-06-08 09:49:27'),
(161, '7', -1, -1, '40', NULL, '2017-06-08 09:49:27', '2017-06-08 09:49:27'),
(162, '2', 7, 20, '41', NULL, '2017-06-08 09:53:37', '2017-06-08 09:53:37'),
(163, '7', -1, -1, '41', NULL, '2017-06-08 09:53:37', '2017-06-08 09:53:37'),
(164, '2', 3, 30, '42', NULL, '2017-06-08 09:55:27', '2017-06-08 09:55:27'),
(165, '3', -1, -1, '42', NULL, '2017-06-08 09:55:27', '2017-06-08 09:55:27'),
(169, '2', 3, 1, '44', NULL, '2017-06-08 09:59:32', '2017-06-08 09:59:32'),
(170, '3', -1, -1, '44', NULL, '2017-06-08 09:59:32', '2017-06-08 09:59:32'),
(173, '5', 3, 100, '46', NULL, '2017-06-08 10:01:46', '2017-06-08 10:01:46'),
(174, '3', -1, -1, '46', NULL, '2017-06-08 10:01:46', '2017-06-08 10:01:46'),
(175, '2', 7, 20, '47', NULL, '2017-06-08 10:02:39', '2017-06-08 10:02:39'),
(176, '7', -1, -1, '47', NULL, '2017-06-08 10:02:39', '2017-06-08 10:02:39'),
(177, '2', 3, 100, '48', NULL, '2017-06-08 10:05:41', '2017-06-08 10:05:41'),
(178, '3', -1, -1, '48', NULL, '2017-06-08 10:05:41', '2017-06-08 10:05:41'),
(181, '2', 7, 20, '50', NULL, '2017-06-08 10:06:55', '2017-06-08 10:06:55'),
(182, '7', -1, -1, '50', NULL, '2017-06-08 10:06:55', '2017-06-08 10:06:55'),
(183, '2', 7, 20, '49', NULL, '2017-06-08 10:10:54', '2017-06-08 10:10:54'),
(184, '7', -1, -1, '49', NULL, '2017-06-08 10:10:54', '2017-06-08 10:10:54'),
(185, '2', 3, 100, '51', NULL, '2017-06-08 10:11:05', '2017-06-08 10:11:05'),
(186, '3', -1, -1, '51', NULL, '2017-06-08 10:11:05', '2017-06-08 10:11:05'),
(187, '2', 7, 20, '52', NULL, '2017-06-08 10:12:46', '2017-06-08 10:12:46'),
(188, '7', -1, -1, '52', NULL, '2017-06-08 10:12:46', '2017-06-08 10:12:46'),
(189, '2', 7, 20, '53', NULL, '2017-06-08 10:15:16', '2017-06-08 10:15:16'),
(190, '7', -1, -1, '53', NULL, '2017-06-08 10:15:16', '2017-06-08 10:15:16'),
(191, '2', 4, 3, '54', NULL, '2017-06-08 10:19:19', '2017-06-08 10:19:19'),
(192, '4', -1, -1, '54', NULL, '2017-06-08 10:19:19', '2017-06-08 10:19:19'),
(193, '5', 5, 1, '55', NULL, '2017-06-08 10:19:55', '2017-06-08 10:19:55'),
(194, '5', -1, -1, '55', NULL, '2017-06-08 10:19:55', '2017-06-08 10:19:55'),
(195, '5', 5, 1, '56', NULL, '2017-06-08 10:20:57', '2017-06-08 10:20:57'),
(196, '5', -1, -1, '56', NULL, '2017-06-08 10:20:57', '2017-06-08 10:20:57'),
(197, '2', 7, 30, '57', NULL, '2017-06-08 10:28:25', '2017-06-08 10:28:25'),
(198, '7', -1, -1, '57', NULL, '2017-06-08 10:28:25', '2017-06-08 10:28:25'),
(199, '2', 7, 20, '58', NULL, '2017-06-08 10:32:46', '2017-06-08 10:32:46'),
(200, '7', -1, -1, '58', NULL, '2017-06-08 10:32:46', '2017-06-08 10:32:46'),
(201, '2', 7, 12, '59', NULL, '2017-06-08 10:43:43', '2017-06-08 10:43:43'),
(202, '7', -1, -1, '59', NULL, '2017-06-08 10:43:43', '2017-06-08 10:43:43'),
(203, '2', 7, 30, '60', NULL, '2017-06-08 10:47:16', '2017-06-08 10:47:16'),
(204, '7', -1, -1, '60', NULL, '2017-06-08 10:47:16', '2017-06-08 10:47:16'),
(205, '2', 9, 15, '61', NULL, '2017-06-08 10:50:30', '2017-06-08 10:50:30'),
(206, '9', -1, -1, '61', NULL, '2017-06-08 10:50:30', '2017-06-08 10:50:30'),
(207, '2', 9, 20, '62', NULL, '2017-06-08 11:00:55', '2017-06-08 11:00:55'),
(208, '9', -1, -1, '62', NULL, '2017-06-08 11:00:55', '2017-06-08 11:00:55'),
(209, '5', 5, 1, '63', NULL, '2017-06-08 11:01:32', '2017-06-08 11:01:32'),
(210, '5', -1, -1, '63', NULL, '2017-06-08 11:01:32', '2017-06-08 11:01:32'),
(211, '5', 5, 1, '64', NULL, '2017-06-08 11:02:04', '2017-06-08 11:02:04'),
(212, '5', -1, -1, '64', NULL, '2017-06-08 11:02:04', '2017-06-08 11:02:04'),
(213, '2', 9, 20, '65', NULL, '2017-06-08 11:02:05', '2017-06-08 11:02:05'),
(214, '9', -1, -1, '65', NULL, '2017-06-08 11:02:05', '2017-06-08 11:02:05'),
(215, '5', 5, 1, '66', NULL, '2017-06-08 11:02:40', '2017-06-08 11:02:40'),
(216, '5', -1, -1, '66', NULL, '2017-06-08 11:02:40', '2017-06-08 11:02:40'),
(217, '5', 5, 1, '67', NULL, '2017-06-08 11:03:50', '2017-06-08 11:03:50'),
(218, '5', -1, -1, '67', NULL, '2017-06-08 11:03:50', '2017-06-08 11:03:50'),
(221, '5', 3, 28, '69', NULL, '2017-06-08 11:33:50', '2017-06-08 11:33:50'),
(222, '3', -1, -1, '69', NULL, '2017-06-08 11:33:50', '2017-06-08 11:33:50'),
(223, '5', 3, 28, '70', NULL, '2017-06-08 11:34:55', '2017-06-08 11:34:55'),
(224, '3', -1, -1, '70', NULL, '2017-06-08 11:34:55', '2017-06-08 11:34:55'),
(225, '2', 7, 30, '71', NULL, '2017-06-08 11:35:54', '2017-06-08 11:35:54'),
(226, '7', -1, -1, '71', NULL, '2017-06-08 11:35:54', '2017-06-08 11:35:54'),
(227, '2', 3, 20, '72', NULL, '2017-06-08 11:37:10', '2017-06-08 11:37:10'),
(228, '3', -1, -1, '72', NULL, '2017-06-08 11:37:10', '2017-06-08 11:37:10'),
(229, '2', 7, 30, '73', NULL, '2017-06-08 11:37:17', '2017-06-08 11:37:17'),
(230, '7', -1, -1, '73', NULL, '2017-06-08 11:37:17', '2017-06-08 11:37:17'),
(231, '2', 9, 30, '74', NULL, '2017-06-08 11:38:30', '2017-06-08 11:38:30'),
(232, '9', -1, -1, '74', NULL, '2017-06-08 11:38:30', '2017-06-08 11:38:30'),
(233, '2', 7, 20, '75', NULL, '2017-06-08 11:38:56', '2017-06-08 11:38:56'),
(234, '7', -1, -1, '75', NULL, '2017-06-08 11:38:56', '2017-06-08 11:38:56'),
(237, '2', 9, 30, '77', NULL, '2017-06-08 11:40:49', '2017-06-08 11:40:49'),
(238, '9', -1, -1, '77', NULL, '2017-06-08 11:40:49', '2017-06-08 11:40:49'),
(241, '2', 7, 25, '68', NULL, '2017-06-08 11:42:49', '2017-06-08 11:42:49'),
(242, '7', -1, -1, '68', NULL, '2017-06-08 11:42:49', '2017-06-08 11:42:49'),
(243, '2', 7, 20, '79', NULL, '2017-06-08 11:42:56', '2017-06-08 11:42:56'),
(244, '7', -1, -1, '79', NULL, '2017-06-08 11:42:56', '2017-06-08 11:42:56'),
(245, '2', 9, 30, '80', NULL, '2017-06-08 11:44:42', '2017-06-08 11:44:42'),
(246, '9', -1, -1, '80', NULL, '2017-06-08 11:44:42', '2017-06-08 11:44:42'),
(247, '2', 3, 20, '81', NULL, '2017-06-08 11:45:10', '2017-06-08 11:45:10'),
(248, '3', -1, -1, '81', NULL, '2017-06-08 11:45:10', '2017-06-08 11:45:10'),
(249, '2', 7, 20, '82', NULL, '2017-06-08 11:46:32', '2017-06-08 11:46:32'),
(250, '7', -1, -1, '82', NULL, '2017-06-08 11:46:32', '2017-06-08 11:46:32'),
(251, '2', 3, 50, '83', NULL, '2017-06-08 11:46:57', '2017-06-08 11:46:57'),
(252, '3', -1, -1, '83', NULL, '2017-06-08 11:46:57', '2017-06-08 11:46:57'),
(253, '2', 3, 20, '84', NULL, '2017-06-08 11:48:05', '2017-06-08 11:48:05'),
(254, '3', -1, -1, '84', NULL, '2017-06-08 11:48:05', '2017-06-08 11:48:05'),
(255, '2', 3, 50, '85', NULL, '2017-06-08 11:49:05', '2017-06-08 11:49:05'),
(256, '3', -1, -1, '85', NULL, '2017-06-08 11:49:06', '2017-06-08 11:49:06'),
(259, '2', 3, 14, '87', NULL, '2017-06-08 11:52:58', '2017-06-08 11:52:58'),
(260, '3', -1, -1, '87', NULL, '2017-06-08 11:52:58', '2017-06-08 11:52:58'),
(271, '2', 3, 100, '93', NULL, '2017-06-08 11:58:38', '2017-06-08 11:58:38'),
(272, '3', -1, -1, '93', NULL, '2017-06-08 11:58:38', '2017-06-08 11:58:38'),
(273, '2', 3, 10, '94', NULL, '2017-06-08 11:59:15', '2017-06-08 11:59:15'),
(274, '3', -1, -1, '94', NULL, '2017-06-08 11:59:15', '2017-06-08 11:59:15'),
(285, '2', 7, 12, '100', NULL, '2017-06-08 12:09:09', '2017-06-08 12:09:09'),
(286, '7', -1, -1, '100', NULL, '2017-06-08 12:09:09', '2017-06-08 12:09:09'),
(287, '2', 3, 100, '101', NULL, '2017-06-08 12:09:20', '2017-06-08 12:09:20'),
(288, '3', -1, -1, '101', NULL, '2017-06-08 12:09:20', '2017-06-08 12:09:20'),
(291, '2', 7, 30, '103', NULL, '2017-06-08 12:16:48', '2017-06-08 12:16:48'),
(292, '7', -1, -1, '103', NULL, '2017-06-08 12:16:48', '2017-06-08 12:16:48'),
(297, '2', 7, 30, '45', NULL, '2017-06-08 12:58:47', '2017-06-08 12:58:47'),
(298, '7', -1, -1, '45', NULL, '2017-06-08 12:58:47', '2017-06-08 12:58:47'),
(303, '2', 5, 1, '106', NULL, '2017-06-08 14:10:53', '2017-06-08 14:10:53'),
(304, '5', -1, -1, '106', NULL, '2017-06-08 14:10:53', '2017-06-08 14:10:53'),
(307, '2', 3, 250, '97', NULL, '2017-06-08 16:52:32', '2017-06-08 16:52:32'),
(308, '3', -1, -1, '97', NULL, '2017-06-08 16:52:32', '2017-06-08 16:52:32'),
(309, '2', 3, 100, '88', NULL, '2017-06-08 16:54:54', '2017-06-08 16:54:54'),
(310, '3', -1, -1, '88', NULL, '2017-06-08 16:54:54', '2017-06-08 16:54:54'),
(311, '2', 3, 30, '105', NULL, '2017-06-08 16:55:40', '2017-06-08 16:55:40'),
(312, '3', -1, -1, '105', NULL, '2017-06-08 16:55:40', '2017-06-08 16:55:40'),
(315, '5', 3, 100, '108', NULL, '2017-06-08 23:41:25', '2017-06-08 23:41:25'),
(316, '3', -1, -1, '108', NULL, '2017-06-08 23:41:25', '2017-06-08 23:41:25'),
(317, '2', 3, 20, '107', NULL, '2017-06-09 00:20:01', '2017-06-09 00:20:01'),
(318, '3', -1, -1, '107', NULL, '2017-06-09 00:20:01', '2017-06-09 00:20:01'),
(319, '2', 3, 30, '104', NULL, '2017-06-09 00:20:43', '2017-06-09 00:20:43'),
(320, '3', -1, -1, '104', NULL, '2017-06-09 00:20:43', '2017-06-09 00:20:43'),
(321, '2', 3, 20, '98', NULL, '2017-06-09 00:22:24', '2017-06-09 00:22:24'),
(322, '3', -1, -1, '98', NULL, '2017-06-09 00:22:24', '2017-06-09 00:22:24'),
(323, '2', 3, 100, '91', NULL, '2017-06-09 00:24:01', '2017-06-09 00:24:01'),
(324, '3', -1, -1, '91', NULL, '2017-06-09 00:24:01', '2017-06-09 00:24:01'),
(325, '2', 5, 1, '109', NULL, '2017-06-09 03:35:15', '2017-06-09 03:35:15'),
(326, '5', -1, -1, '109', NULL, '2017-06-09 03:35:15', '2017-06-09 03:35:15'),
(327, '2', 5, 1, '110', NULL, '2017-06-09 03:35:50', '2017-06-09 03:35:50'),
(328, '5', -1, -1, '110', NULL, '2017-06-09 03:35:50', '2017-06-09 03:35:50'),
(329, '2', 7, 10, '99', NULL, '2017-06-09 03:35:54', '2017-06-09 03:35:54'),
(330, '7', -1, -1, '99', NULL, '2017-06-09 03:35:54', '2017-06-09 03:35:54'),
(331, '2', 5, 1, '111', NULL, '2017-06-09 03:36:14', '2017-06-09 03:36:14'),
(332, '5', -1, -1, '111', NULL, '2017-06-09 03:36:14', '2017-06-09 03:36:14'),
(333, '2', 7, 30, '102', NULL, '2017-06-09 03:37:01', '2017-06-09 03:37:01'),
(334, '7', -1, -1, '102', NULL, '2017-06-09 03:37:01', '2017-06-09 03:37:01'),
(335, '2', 5, 1, '112', NULL, '2017-06-09 03:37:13', '2017-06-09 03:37:13'),
(336, '5', -1, -1, '112', NULL, '2017-06-09 03:37:13', '2017-06-09 03:37:13'),
(337, '2', 3, 16, '92', NULL, '2017-06-09 03:37:22', '2017-06-09 03:37:22'),
(338, '3', -1, -1, '92', NULL, '2017-06-09 03:37:22', '2017-06-09 03:37:22'),
(339, '2', 3, 50, '86', NULL, '2017-06-09 03:39:39', '2017-06-09 03:39:39'),
(340, '3', -1, -1, '86', NULL, '2017-06-09 03:39:39', '2017-06-09 03:39:39'),
(341, '2', 6, 1, '113', NULL, '2017-06-09 03:40:11', '2017-06-09 03:40:11'),
(342, '6', -1, -1, '113', NULL, '2017-06-09 03:40:11', '2017-06-09 03:40:11'),
(343, '2', 3, 30, '96', NULL, '2017-06-09 03:40:11', '2017-06-09 03:40:11'),
(344, '3', -1, -1, '96', NULL, '2017-06-09 03:40:11', '2017-06-09 03:40:11'),
(345, '2', 3, 14, '89', NULL, '2017-06-09 03:40:41', '2017-06-09 03:40:41'),
(346, '3', -1, -1, '89', NULL, '2017-06-09 03:40:41', '2017-06-09 03:40:41'),
(347, '2', 5, 1, '114', NULL, '2017-06-09 03:40:51', '2017-06-09 03:40:51'),
(348, '5', -1, -1, '114', NULL, '2017-06-09 03:40:51', '2017-06-09 03:40:51'),
(349, '2', 3, 20, '95', NULL, '2017-06-09 03:41:12', '2017-06-09 03:41:12'),
(350, '3', -1, -1, '95', NULL, '2017-06-09 03:41:12', '2017-06-09 03:41:12'),
(351, '2', 5, 1, '115', NULL, '2017-06-09 03:41:27', '2017-06-09 03:41:27'),
(352, '5', -1, -1, '115', NULL, '2017-06-09 03:41:27', '2017-06-09 03:41:27'),
(353, '2', 3, 10, '90', NULL, '2017-06-09 03:41:55', '2017-06-09 03:41:55'),
(354, '3', -1, -1, '90', NULL, '2017-06-09 03:41:55', '2017-06-09 03:41:55'),
(355, '2', 5, 1, '116', NULL, '2017-06-09 03:42:10', '2017-06-09 03:42:10'),
(356, '5', -1, -1, '116', NULL, '2017-06-09 03:42:10', '2017-06-09 03:42:10'),
(357, '2', 5, 1, '117', NULL, '2017-06-09 03:42:50', '2017-06-09 03:42:50'),
(358, '5', -1, -1, '117', NULL, '2017-06-09 03:42:50', '2017-06-09 03:42:50'),
(359, '2', 7, 12, '118', NULL, '2017-06-09 03:43:39', '2017-06-09 03:43:39'),
(360, '7', -1, -1, '118', NULL, '2017-06-09 03:43:39', '2017-06-09 03:43:39'),
(361, '2', 5, 1, '119', NULL, '2017-06-09 03:43:50', '2017-06-09 03:43:50'),
(362, '5', -1, -1, '119', NULL, '2017-06-09 03:43:50', '2017-06-09 03:43:50'),
(363, '2', 5, 1, '120', NULL, '2017-06-09 03:45:03', '2017-06-09 03:45:03'),
(364, '5', -1, -1, '120', NULL, '2017-06-09 03:45:03', '2017-06-09 03:45:03'),
(365, '2', 7, 12, '121', NULL, '2017-06-09 03:45:57', '2017-06-09 03:45:57'),
(366, '7', -1, -1, '121', NULL, '2017-06-09 03:45:57', '2017-06-09 03:45:57'),
(367, '2', 5, 1, '122', NULL, '2017-06-09 03:46:26', '2017-06-09 03:46:26'),
(368, '5', -1, -1, '122', NULL, '2017-06-09 03:46:26', '2017-06-09 03:46:26'),
(369, '7', 7, 12, '123', NULL, '2017-06-09 03:47:01', '2017-06-09 03:47:01'),
(370, '7', -1, -1, '123', NULL, '2017-06-09 03:47:01', '2017-06-09 03:47:01'),
(371, '2', 5, 1, '124', NULL, '2017-06-09 03:47:32', '2017-06-09 03:47:32'),
(372, '5', -1, -1, '124', NULL, '2017-06-09 03:47:32', '2017-06-09 03:47:32'),
(373, '2', 7, 12, '125', NULL, '2017-06-09 03:47:50', '2017-06-09 03:47:50'),
(374, '7', -1, -1, '125', NULL, '2017-06-09 03:47:50', '2017-06-09 03:47:50'),
(375, '2', 7, 10, '126', NULL, '2017-06-09 03:48:26', '2017-06-09 03:48:26'),
(376, '7', -1, -1, '126', NULL, '2017-06-09 03:48:26', '2017-06-09 03:48:26'),
(377, '2', 7, 24, '127', NULL, '2017-06-09 03:50:20', '2017-06-09 03:50:20'),
(378, '7', -1, -1, '127', NULL, '2017-06-09 03:50:20', '2017-06-09 03:50:20'),
(379, '2', 3, 100, '128', NULL, '2017-06-09 03:50:23', '2017-06-09 03:50:23'),
(380, '2', 2, 1, '128', NULL, '2017-06-09 03:50:23', '2017-06-09 03:50:23'),
(381, '2', -1, -1, '128', NULL, '2017-06-09 03:50:23', '2017-06-09 03:50:23'),
(382, '5', 5, 1, '129', NULL, '2017-06-09 03:50:52', '2017-06-09 03:50:52'),
(383, '5', -1, -1, '129', NULL, '2017-06-09 03:50:52', '2017-06-09 03:50:52'),
(384, '2', 7, 25, '130', NULL, '2017-06-09 03:54:06', '2017-06-09 03:54:06'),
(385, '7', -1, -1, '130', NULL, '2017-06-09 03:54:06', '2017-06-09 03:54:06'),
(386, '2', 3, 14, '131', NULL, '2017-06-09 03:55:34', '2017-06-09 03:55:34'),
(387, '3', -1, -1, '131', NULL, '2017-06-09 03:55:34', '2017-06-09 03:55:34'),
(388, '2', 3, 20, '132', NULL, '2017-06-09 03:58:44', '2017-06-09 03:58:44'),
(389, '3', -1, -1, '132', NULL, '2017-06-09 03:58:44', '2017-06-09 03:58:44'),
(390, '2', 7, 25, '133', NULL, '2017-06-09 04:00:18', '2017-06-09 04:00:18'),
(391, '7', -1, -1, '133', NULL, '2017-06-09 04:00:18', '2017-06-09 04:00:18'),
(392, '2', 3, 50, '134', NULL, '2017-06-09 04:01:18', '2017-06-09 04:01:18'),
(393, '3', -1, -1, '134', NULL, '2017-06-09 04:01:18', '2017-06-09 04:01:18'),
(394, '2', 3, 10, '135', NULL, '2017-06-09 04:02:11', '2017-06-09 04:02:11'),
(395, '3', -1, -1, '135', NULL, '2017-06-09 04:02:11', '2017-06-09 04:02:11'),
(396, '2', 7, 12, '136', NULL, '2017-06-09 04:02:41', '2017-06-09 04:02:41'),
(397, '7', -1, -1, '136', NULL, '2017-06-09 04:02:41', '2017-06-09 04:02:41'),
(398, '2', 3, 14, '137', NULL, '2017-06-09 04:08:16', '2017-06-09 04:08:16'),
(399, '3', -1, -1, '137', NULL, '2017-06-09 04:08:16', '2017-06-09 04:08:16'),
(400, '2', 3, 20, '138', NULL, '2017-06-09 04:09:09', '2017-06-09 04:09:09'),
(401, '3', -1, -1, '138', NULL, '2017-06-09 04:09:09', '2017-06-09 04:09:09'),
(404, '2', 3, 1, '140', NULL, '2017-06-09 04:09:47', '2017-06-09 04:09:47'),
(405, '3', -1, -1, '140', NULL, '2017-06-09 04:09:47', '2017-06-09 04:09:47'),
(406, '2', 3, 10, '141', NULL, '2017-06-09 04:10:30', '2017-06-09 04:10:30'),
(407, '3', -1, -1, '141', NULL, '2017-06-09 04:10:30', '2017-06-09 04:10:30'),
(408, '2', 3, 10, '142', NULL, '2017-06-09 04:10:53', '2017-06-09 04:10:53'),
(409, '3', -1, -1, '142', NULL, '2017-06-09 04:10:53', '2017-06-09 04:10:53'),
(410, '2', 3, 10, '139', NULL, '2017-06-09 04:12:31', '2017-06-09 04:12:31'),
(411, '3', -1, -1, '139', NULL, '2017-06-09 04:12:31', '2017-06-09 04:12:31'),
(412, '2', 3, 10, '143', NULL, '2017-06-09 04:14:13', '2017-06-09 04:14:13'),
(413, '3', -1, -1, '143', NULL, '2017-06-09 04:14:13', '2017-06-09 04:14:13'),
(418, '2', 5, 1, '146', NULL, '2017-06-09 04:19:04', '2017-06-09 04:19:04'),
(419, '5', -1, -1, '146', NULL, '2017-06-09 04:19:04', '2017-06-09 04:19:04'),
(420, '2', 5, 1, '145', NULL, '2017-06-09 04:21:55', '2017-06-09 04:21:55'),
(421, '5', -1, -1, '145', NULL, '2017-06-09 04:21:55', '2017-06-09 04:21:55'),
(422, '2', 5, 1, '144', NULL, '2017-06-09 04:22:31', '2017-06-09 04:22:31'),
(423, '5', -1, -1, '144', NULL, '2017-06-09 04:22:31', '2017-06-09 04:22:31'),
(424, '2', 7, 24, '147', NULL, '2017-06-09 04:25:20', '2017-06-09 04:25:20'),
(425, '7', -1, -1, '147', NULL, '2017-06-09 04:25:20', '2017-06-09 04:25:20'),
(426, '2', 7, 24, '148', NULL, '2017-06-09 04:26:55', '2017-06-09 04:26:55'),
(427, '7', -1, -1, '148', NULL, '2017-06-09 04:26:55', '2017-06-09 04:26:55'),
(428, '2', 3, 150, '149', NULL, '2017-06-09 04:32:32', '2017-06-09 04:32:32'),
(429, '3', -1, -1, '149', NULL, '2017-06-09 04:32:32', '2017-06-09 04:32:32'),
(430, '2', 5, 1, '150', NULL, '2017-06-09 04:36:58', '2017-06-09 04:36:58'),
(431, '5', -1, -1, '150', NULL, '2017-06-09 04:36:58', '2017-06-09 04:36:58'),
(432, '2', 5, 1, '151', NULL, '2017-06-09 04:39:01', '2017-06-09 04:39:01'),
(433, '5', -1, -1, '151', NULL, '2017-06-09 04:39:01', '2017-06-09 04:39:01'),
(434, '2', 5, 1, '152', NULL, '2017-06-09 04:39:41', '2017-06-09 04:39:41'),
(435, '5', -1, -1, '152', NULL, '2017-06-09 04:39:41', '2017-06-09 04:39:41'),
(436, '2', 5, 1, '153', NULL, '2017-06-09 04:40:02', '2017-06-09 04:40:02'),
(437, '5', -1, -1, '153', NULL, '2017-06-09 04:40:02', '2017-06-09 04:40:02'),
(438, '2', 5, 1, '154', NULL, '2017-06-09 04:40:56', '2017-06-09 04:40:56'),
(439, '5', -1, -1, '154', NULL, '2017-06-09 04:40:56', '2017-06-09 04:40:56'),
(440, '2', 5, 1, '155', NULL, '2017-06-09 06:11:42', '2017-06-09 06:11:42'),
(441, '5', -1, -1, '155', NULL, '2017-06-09 06:11:43', '2017-06-09 06:11:43'),
(442, '2', 5, 1, '156', NULL, '2017-06-09 06:12:26', '2017-06-09 06:12:26'),
(443, '5', -1, -1, '156', NULL, '2017-06-09 06:12:26', '2017-06-09 06:12:26'),
(444, '2', 5, 1, '157', NULL, '2017-06-09 06:15:23', '2017-06-09 06:15:23'),
(445, '5', -1, -1, '157', NULL, '2017-06-09 06:15:23', '2017-06-09 06:15:23'),
(446, '2', 5, 1, '158', NULL, '2017-06-09 06:15:52', '2017-06-09 06:15:52'),
(447, '5', -1, -1, '158', NULL, '2017-06-09 06:15:52', '2017-06-09 06:15:52'),
(448, '2', 5, 1, '159', NULL, '2017-06-09 06:16:24', '2017-06-09 06:16:24'),
(449, '5', -1, -1, '159', NULL, '2017-06-09 06:16:24', '2017-06-09 06:16:24'),
(450, '2', 5, 1, '160', NULL, '2017-06-09 06:17:01', '2017-06-09 06:17:01'),
(451, '5', -1, -1, '160', NULL, '2017-06-09 06:17:01', '2017-06-09 06:17:01'),
(454, '2', 5, 1, '162', NULL, '2017-06-09 06:21:14', '2017-06-09 06:21:14'),
(455, '5', -1, -1, '162', NULL, '2017-06-09 06:21:14', '2017-06-09 06:21:14'),
(456, '2', 5, 1, '163', NULL, '2017-06-09 06:21:46', '2017-06-09 06:21:46'),
(457, '5', -1, -1, '163', NULL, '2017-06-09 06:21:46', '2017-06-09 06:21:46'),
(458, '2', 5, 1, '164', NULL, '2017-06-09 06:22:31', '2017-06-09 06:22:31'),
(459, '5', -1, -1, '164', NULL, '2017-06-09 06:22:31', '2017-06-09 06:22:31'),
(460, '2', 5, 1, '165', NULL, '2017-06-09 06:23:04', '2017-06-09 06:23:04'),
(461, '5', -1, -1, '165', NULL, '2017-06-09 06:23:04', '2017-06-09 06:23:04'),
(462, '2', 7, 10, '166', NULL, '2017-06-09 06:23:46', '2017-06-09 06:23:46'),
(463, '7', -1, -1, '166', NULL, '2017-06-09 06:23:46', '2017-06-09 06:23:46'),
(464, '2', 5, 1, '167', NULL, '2017-06-09 06:26:19', '2017-06-09 06:26:19'),
(465, '5', -1, -1, '167', NULL, '2017-06-09 06:26:19', '2017-06-09 06:26:19'),
(468, '2', 5, 1, '169', NULL, '2017-06-09 06:28:17', '2017-06-09 06:28:17'),
(469, '5', -1, -1, '169', NULL, '2017-06-09 06:28:17', '2017-06-09 06:28:17'),
(470, '2', 5, 1, '168', NULL, '2017-06-09 06:29:52', '2017-06-09 06:29:52'),
(471, '5', -1, -1, '168', NULL, '2017-06-09 06:29:52', '2017-06-09 06:29:52'),
(472, '2', 5, 1, '161', NULL, '2017-06-09 06:31:37', '2017-06-09 06:31:37'),
(473, '5', -1, -1, '161', NULL, '2017-06-09 06:31:37', '2017-06-09 06:31:37'),
(474, '2', 5, 1, '170', NULL, '2017-06-09 09:42:09', '2017-06-09 09:42:09'),
(475, '5', -1, -1, '170', NULL, '2017-06-09 09:42:09', '2017-06-09 09:42:09'),
(476, '2', 5, 1, '171', NULL, '2017-06-09 09:43:03', '2017-06-09 09:43:03'),
(477, '5', -1, -1, '171', NULL, '2017-06-09 09:43:03', '2017-06-09 09:43:03'),
(478, '2', 2, 1, '172', NULL, '2017-06-09 09:46:51', '2017-06-09 09:46:51'),
(479, '2', -1, -1, '172', NULL, '2017-06-09 09:46:51', '2017-06-09 09:46:51'),
(480, '2', 2, 1, '173', NULL, '2017-06-09 09:47:26', '2017-06-09 09:47:26'),
(481, '2', -1, -1, '173', NULL, '2017-06-09 09:47:26', '2017-06-09 09:47:26'),
(482, '2', 3, 100, '174', NULL, '2017-06-10 02:43:52', '2017-06-10 02:43:52'),
(483, '3', -1, -1, '174', NULL, '2017-06-10 02:43:52', '2017-06-10 02:43:52'),
(484, '5', 5, 1, '175', NULL, '2017-06-13 03:34:08', '2017-06-13 03:34:08'),
(485, '5', -1, -1, '175', NULL, '2017-06-13 03:34:08', '2017-06-13 03:34:08'),
(486, '2', 7, 20, '176', NULL, '2017-06-13 03:35:09', '2017-06-13 03:35:09'),
(487, '7', -1, -1, '176', NULL, '2017-06-13 03:35:09', '2017-06-13 03:35:09'),
(490, '2', 9, 20, '178', NULL, '2017-06-13 09:40:24', '2017-06-13 09:40:24'),
(491, '9', -1, -1, '178', NULL, '2017-06-13 09:40:24', '2017-06-13 09:40:24'),
(492, '5', 5, 1, '179', NULL, '2017-06-13 09:43:40', '2017-06-13 09:43:40'),
(493, '5', -1, -1, '179', NULL, '2017-06-13 09:43:40', '2017-06-13 09:43:40'),
(494, '5', 5, 1, '180', NULL, '2017-06-13 09:44:26', '2017-06-13 09:44:26'),
(495, '5', -1, -1, '180', NULL, '2017-06-13 09:44:26', '2017-06-13 09:44:26'),
(498, '5', 3, 200, '182', NULL, '2017-06-13 10:15:51', '2017-06-13 10:15:51'),
(499, '3', -1, -1, '182', NULL, '2017-06-13 10:15:51', '2017-06-13 10:15:51'),
(506, '2', 9, 30, '78', NULL, '2017-07-02 10:41:43', '2017-07-02 10:41:43'),
(507, '9', -1, -1, '78', NULL, '2017-07-02 10:41:43', '2017-07-02 10:41:43'),
(508, '5', 3, 1000, '183', NULL, '2017-07-02 11:07:20', '2017-07-02 11:07:20'),
(509, '3', -1, -1, '183', NULL, '2017-07-02 11:07:20', '2017-07-02 11:07:20'),
(510, '6', 3, 200, '184', NULL, '2017-07-02 11:23:58', '2017-07-02 11:23:58'),
(511, '3', -1, -1, '184', NULL, '2017-07-02 11:23:58', '2017-07-02 11:23:58'),
(512, '2', 9, 10, '177', NULL, '2017-07-02 11:42:30', '2017-07-02 11:42:30'),
(513, '9', -1, -1, '177', NULL, '2017-07-02 11:42:30', '2017-07-02 11:42:30'),
(514, '2', 9, 30, '76', NULL, '2017-07-03 04:34:14', '2017-07-03 04:34:14'),
(515, '9', -1, -1, '76', NULL, '2017-07-03 04:34:14', '2017-07-03 04:34:14'),
(516, '2', 7, 30, '181', NULL, '2017-07-04 09:39:21', '2017-07-04 09:39:21'),
(517, '7', -1, -1, '181', NULL, '2017-07-04 09:39:21', '2017-07-04 09:39:21'),
(518, '2', 7, 30, '185', NULL, '2017-07-04 10:07:16', '2017-07-04 10:07:16'),
(519, '7', -1, -1, '185', NULL, '2017-07-04 10:07:16', '2017-07-04 10:07:16'),
(520, '2', 3, 50, '186', NULL, '2017-07-04 10:12:59', '2017-07-04 10:12:59'),
(521, '3', -1, -1, '186', NULL, '2017-07-04 10:12:59', '2017-07-04 10:12:59'),
(522, '5', 5, 1, '187', NULL, '2017-07-04 10:27:52', '2017-07-04 10:27:52'),
(523, '5', -1, -1, '187', NULL, '2017-07-04 10:27:52', '2017-07-04 10:27:52'),
(524, '5', 3, 200, '188', NULL, '2017-07-04 10:28:14', '2017-07-04 10:28:14'),
(525, '3', -1, -1, '188', NULL, '2017-07-04 10:28:14', '2017-07-04 10:28:14'),
(526, '5', 5, 1, '189', NULL, '2017-07-04 10:33:10', '2017-07-04 10:33:10'),
(527, '5', -1, -1, '189', NULL, '2017-07-04 10:33:10', '2017-07-04 10:33:10'),
(528, '2', 3, 100, '190', NULL, '2017-07-04 10:33:54', '2017-07-04 10:33:54'),
(529, '3', -1, -1, '190', NULL, '2017-07-04 10:33:54', '2017-07-04 10:33:54'),
(530, '2', 7, 20, '191', NULL, '2017-07-04 10:53:29', '2017-07-04 10:53:29'),
(531, '7', -1, -1, '191', NULL, '2017-07-04 10:53:29', '2017-07-04 10:53:29'),
(532, '2', 7, 3, '192', NULL, '2017-07-04 11:22:16', '2017-07-04 11:22:16'),
(533, '7', -1, -1, '192', NULL, '2017-07-04 11:22:16', '2017-07-04 11:22:16'),
(534, '2', 9, 20, '193', NULL, '2017-07-04 11:27:26', '2017-07-04 11:27:26'),
(535, '9', -1, -1, '193', NULL, '2017-07-04 11:27:26', '2017-07-04 11:27:26'),
(536, '2', 7, 30, '194', NULL, '2017-07-04 11:30:09', '2017-07-04 11:30:09'),
(537, '7', -1, -1, '194', NULL, '2017-07-04 11:30:09', '2017-07-04 11:30:09'),
(538, '2', 3, 10, '195', NULL, '2017-07-04 11:34:33', '2017-07-04 11:34:33'),
(539, '3', -1, -1, '195', NULL, '2017-07-04 11:34:33', '2017-07-04 11:34:33'),
(542, '2', 3, 100, '196', NULL, '2017-07-04 11:49:47', '2017-07-04 11:49:47'),
(543, '3', -1, -1, '196', NULL, '2017-07-04 11:49:47', '2017-07-04 11:49:47'),
(544, '2', 7, 20, '43', NULL, '2017-07-04 12:20:02', '2017-07-04 12:20:02'),
(545, '7', -1, -1, '43', NULL, '2017-07-04 12:20:02', '2017-07-04 12:20:02');

-- --------------------------------------------------------

--
-- Table structure for table `users`
--

CREATE TABLE `users` (
  `id` int(10) UNSIGNED NOT NULL,
  `username` varchar(255) COLLATE utf8mb4_unicode_ci NOT NULL,
  `email` varchar(255) COLLATE utf8mb4_unicode_ci NOT NULL,
  `password` varchar(255) COLLATE utf8mb4_unicode_ci NOT NULL,
  `api_token` varchar(60) COLLATE utf8mb4_unicode_ci NOT NULL,
  `remember_token` varchar(100) COLLATE utf8mb4_unicode_ci DEFAULT NULL,
  `created_at` timestamp NULL DEFAULT NULL,
  `updated_at` timestamp NULL DEFAULT NULL
) ENGINE=InnoDB DEFAULT CHARSET=utf8mb4 COLLATE=utf8mb4_unicode_ci;

--
-- Dumping data for table `users`
--

INSERT INTO `users` (`id`, `username`, `email`, `password`, `api_token`, `remember_token`, `created_at`, `updated_at`) VALUES
(1, 'admin', 'admin@gmail.com', '111', '123', NULL, NULL, NULL);

--
-- Indexes for dumped tables
--

--
-- Indexes for table `drugs`
--
ALTER TABLE `drugs`
  ADD PRIMARY KEY (`id`);

--
-- Indexes for table `drug_orders`
--
ALTER TABLE `drug_orders`
  ADD PRIMARY KEY (`id`);

--
-- Indexes for table `migrations`
--
ALTER TABLE `migrations`
  ADD PRIMARY KEY (`id`);

--
-- Indexes for table `order_details`
--
ALTER TABLE `order_details`
  ADD PRIMARY KEY (`id`);

--
-- Indexes for table `password_resets`
--
ALTER TABLE `password_resets`
  ADD KEY `password_resets_email_index` (`email`(191));

--
-- Indexes for table `special_prices`
--
ALTER TABLE `special_prices`
  ADD PRIMARY KEY (`id`);

--
-- Indexes for table `units`
--
ALTER TABLE `units`
  ADD PRIMARY KEY (`id`);

--
-- Indexes for table `unit_prices`
--
ALTER TABLE `unit_prices`
  ADD PRIMARY KEY (`id`);

--
-- Indexes for table `users`
--
ALTER TABLE `users`
  ADD PRIMARY KEY (`id`);

--
-- AUTO_INCREMENT for dumped tables
--

--
-- AUTO_INCREMENT for table `drugs`
--
ALTER TABLE `drugs`
  MODIFY `id` int(10) UNSIGNED NOT NULL AUTO_INCREMENT, AUTO_INCREMENT=197;
--
-- AUTO_INCREMENT for table `drug_orders`
--
ALTER TABLE `drug_orders`
  MODIFY `id` int(10) UNSIGNED NOT NULL AUTO_INCREMENT, AUTO_INCREMENT=104;
--
-- AUTO_INCREMENT for table `migrations`
--
ALTER TABLE `migrations`
  MODIFY `id` int(10) UNSIGNED NOT NULL AUTO_INCREMENT, AUTO_INCREMENT=11;
--
-- AUTO_INCREMENT for table `order_details`
--
ALTER TABLE `order_details`
  MODIFY `id` int(10) UNSIGNED NOT NULL AUTO_INCREMENT, AUTO_INCREMENT=477;
--
-- AUTO_INCREMENT for table `special_prices`
--
ALTER TABLE `special_prices`
  MODIFY `id` int(10) UNSIGNED NOT NULL AUTO_INCREMENT, AUTO_INCREMENT=303;
--
-- AUTO_INCREMENT for table `units`
--
ALTER TABLE `units`
  MODIFY `id` int(10) UNSIGNED NOT NULL AUTO_INCREMENT, AUTO_INCREMENT=10;
--
-- AUTO_INCREMENT for table `unit_prices`
--
ALTER TABLE `unit_prices`
  MODIFY `id` int(10) UNSIGNED NOT NULL AUTO_INCREMENT, AUTO_INCREMENT=546;
--
-- AUTO_INCREMENT for table `users`
--
ALTER TABLE `users`
  MODIFY `id` int(10) UNSIGNED NOT NULL AUTO_INCREMENT, AUTO_INCREMENT=2;
/*!40101 SET CHARACTER_SET_CLIENT=@OLD_CHARACTER_SET_CLIENT */;
/*!40101 SET CHARACTER_SET_RESULTS=@OLD_CHARACTER_SET_RESULTS */;
/*!40101 SET COLLATION_CONNECTION=@OLD_COLLATION_CONNECTION */;
